Workbook
Name BUDGET_Title: #REF!
Name ColumnTitle1: #REF!
Name COMPANY_NAME: #REF!
Name Data01: #REF!
Name Days_Def: #REF!
Name Ded_Day: #REF!
Name NativeTimeline_تاريخ_المخالفة: #N/A
Name Table_B: #REF!
Name Title1: #REF!
Name Title2: #REF!
Name Title3: #REF!
Name Title4: #REF!

Sheet الحضور والانصراف (2)
C1: بسم الله الرحمن الرحيم
C2: شركة سي دي اس المحدودة
C3: الحضور والانصراف ليوم الخميس الموافق | F3: =TODAY() -> 46148
A5: م | B5: التصنيف | C5: الرقم | D5: الرتبة | E5: الاســــــــــــــــــــــــــــم | F5: الادارة | G5: زمن الحضور | H5: زمن الخروج | I5: مكان التواجد | J5: الوضع الحال
A6: 1 | B6: ضابط | C6: 1 | D6: عقيد شرطة | E6: محمد ميرغني عبد الرحمن نميري | F6: الإدارة العليا | I6: ولاية البحر الأحمر | J6: في العمل
A7: 2 | B7: موظف | C7: 2 | D7: لواء شرطة (م) | E7: نصر الدين خليل محمود خيري | F7: ادارة مصنع الوثائق | I7: ولاية كسلا | J7: خارج العمل
A8: 3 | B8: موظف | C8: 3 | D8: عميد شرطة (م) | E8: عادل حسن السيد سيد احمد | F8: الاستشاريين | I8: ولاية نهر النيل | J8: خارج العمل
A9: 4 | B9: ضابط | C9: 1 | D9: عقيد شرطة | E9: طارق رحمة عبد القادر محمد | F9: ادارة تطوير الاعمال | I9: ولاية البحر الأحمر | J9: في العمل
A10: 5 | B10: ضابط | C10: 1 | D10: مقدم شرطة | E10: خالد علي اسماعيل عثمان | F10: الادارة الفنية | I10: ولاية البحر الأحمر | J10: في العمل
A11: 6 | B11: ضابط | C11: 1 | D11: مقدم شرطة | E11: زياد حسب الرسول محمد ابو الريش | F11: ادارة المراجعة الداخلية | I11: ولاية البحر الأحمر | J11: في العمل
A12: 7 | B12: ضابط | C12: 7 | D12: مقدم شرطة | E12: مازن محمد امين خليل | F12: ادارة الشئون الادارية | I12: ولاية البحر الأحمر | J12: خارج العمل
A13: 8 | B13: ضابط | C13: 1 | D13: مقدم شرطة | E13: مدثر تاج السر عبد الدائم محمد | F13: الادارة الفنية | I13: ولاية البحر الأحمر | J13: في العمل
A14: 9 | B14: ضابط | C14: 9 | D14: مقدم شرطة | E14: معتز احمد محمد السماني | F14: ادارة مصنع الوثائق | I14: ولاية الخرطوم | J14: خارج العمل
A15: 10 | B15: ضابط | C15: 10 | D15: مقدم شرطة | E15: الجعلي محمد احمد حسن | F15: الادارة الفنية | I15: ولاية البحر الأحمر | J15: في العمل
A16: 11 | B16: ضابط | C16: 11 | D16: مقدم شرطة | E16: محمد طه مصطفى علي | F16: الادارة الفنية | I16: ولاية البحر الأحمر | J16: في العمل
A17: 12 | B17: ضابط | C17: 12 | D17: مقدم شرطة | E17: شرف الدين عبد الفتاح خالد | F17: الادارة الفنية | I17: ولاية البحر الأحمر | J17: في العمل
... A23: 18 | B23: ضابط | C23: 18 | D23: رائد شرطة | E23: الفاضل احمد عبد الرحيم عثمان | F23: الادارة الفنية | I23: ولاية النيل الأبيض | J23: في العمل
A24: 19 | B24: ضابط | C24: 19 | D24: رائد شرطة | E24: خالد عبد الله محمد عمر | F24: الادارة الفنية | J24: خارج العمل
A25: 20 | B25: ضابط | C25: 20 | D25: رائد شرطة | E25: رانيا احمد محمد احمد حامد | F25: ادارة التخطيط والجودة | I25: ولاية نهر النيل | J25: خارج العمل
A26: 21 | B26: ضابط | C26: 21 | D26: رائد شرطة | E26: بكري محمد التجاني الفكي | F26: ادارة الشئون القانونية | I26: ولاية البحر الأحمر | J26: في العمل
A27: 22 | B27: ضابط | C27: 22 | D27: رائد شرطة | E27: محمود محمد عثمان فضل | F27: ادارة تطوير الاعمال | I27: ولاية البحر الأحمر | J27: في العمل
A28: 23 | B28: ضابط | C28: 23 | D28: رائد شرطة | E28: الشيخ ناصر الشيخ | F28: الادارة الفنية | I28: جمهورية مصر | J28: خارج العمل
A29: 24 | B29: ضابط | C29: 24 | D29: رائد شرطة | E29: نادر بشير علي محمد بخيت | F29: المكتب التنفيذي | I29: ولاية البحر الأحمر | J29: في العمل
A30: 25 | B30: موظف | C30: 25 | D30: لواء شرطة (م) | E30: الفاتح احمد عبد الكريم ادريس | F30: الإدارة العليا | J30: خارج العمل
A31: 26 | B31: ضابط | C31: 26 | D31: رائد شرطة | E31: ابوبكر الصديق محمد ابراهيم محمد | F31: ادارة الشئون الادارية | I31: ولاية الجزيرة | J31: خارج العمل
A32: 27 | B32: ضابط | C32: 27 | D32: رائد شرطة | E32: خالد عبدالرازق ابراهيم حسن | F32: الادارة الفنية | I32: جمهورية مصر | J32: خارج العمل
A33: 28 | B33: ضابط | C33: 28 | D33: نقيب شرطة | E33: مهيد محمد علي منصور | F33: المكتب التنفيذي | I33: الولاية الشمالية | J33: خارج العمل
A34: 29 | B34: ضابط | C34: 29 | D34: نقيب شرطة | E34: شيماء محمد نور عبد الماجد | F34: ادارة الشئون المالية | I34: ولاية البحر الأحمر | J34: في العمل
A35: 30 | B35: ضابط | C35: 30 | D35: نقيب شرطة | E35: مروة وداعة علي محمد عثمان | F35: الادارة الفنية | I35: الولاية الشمالية | J35: خارج العمل
A36: 31 | B36: ضابط | C36: 31 | D36: نقيب شرطة | E36: اسماعيل شاكر عمر قبسة | F36: الادارة الفنية | I36: ولاية البحر الأحمر | J36: في العمل
A37: 32 | B37: ضابط | C37: 32 | D37: نقيب شرطة | E37: عبد المهيمن بله حمد فضل الله | F37: ادارة مصنع الوثائق | I37: ولاية الجزيرة | J37: خارج العمل
A38: 33 | B38: ضابط | C38: 33 | D38: نقيب شرطة | E38: احمد عبدالله عبدالحليم محمد | F38: الادارة الفنية | I38: ولاية البحر الأحمر | J38: في العمل
A39: 34 | B39: موظف | C39: 34 | D39: نقيب شرطة (م) | E39: وليد عبدالله عبدالكريم الصديق | F39: الادارة الفنية | I39: ولاية الجزيرة | J39: في العمل
A40: 35 | B40: موظف | C40: 35 | D40: نقيب شرطة (م) | E40: ابراهيم محمد المبارك محمد | F40: ادارة تطوير الاعمال | I40: ولاية النيل الأبيض | J40: خارج العمل
A41: 36 | B41: موظف | C41: 36 | D41: نقيب شرطة (م) | E41: مبشر سيد احمد ابراهيم | F41: ادارة العلاقات العامة | I41: ولاية الجزيرة | J41: خارج العمل
A42: 37 | B42: ضابط | C42: 37 | D42: ملازم أول شرطة | E42: البراء كمال بابكر عمر | F42: ادارة الشئون الادارية | I42: ولاية البحر الأحمر | J42: في العمل
... A44: 39 | B44: ضابط | C44: 39 | D44: ملازم أول شرطة | E44: مجاهد عادل عبدالله | F44: الادارة الفنية | I44: ولاية البحر الأحمر | J44: في العمل
A45: 40 | B45: صف ضابط | C45: 40 | D45: مساعد شرطة | E45: ايمن عثمان بخيت علي | F45: ادارة المراجعة الداخلية | J45: خارج العمل
A46: 41 | B46: صف ضابط | C46: 41 | D46: مساعد شرطة | E46: محمد أحمد الخضر أحمد | F46: ادارة المراجعة الداخلية | I46: ولاية البحر الأحمر | J46: في العمل
A47: 42 | B47: صف ضابط | C47: 42 | D47: مساعد شرطة | E47: الهام عثمان خليفة نمر | F47: ادارة المراجعة الداخلية | J47: خارج العمل
A48: 43 | B48: صف ضابط | C48: 43 | D48: مساعد شرطة | E48: محمد شريف محمد | F48: ادارة الشئون الادارية | I48: ولاية الخرطوم | J48: خارج العمل
A49: 44 | B49: صف ضابط | C49: 44 | D49: مساعد شرطة | E49: محمد محي الدين حسب الله | F49: ادارة الشئون الادارية | I49: ولاية نهر النيل | J49: خارج العمل
A50: 45 | B50: صف ضابط | C50: 45 | D50: مساعد شرطة | E50: عثمان عمر احمد ابكر | F50: ادارة الشئون المالية | I50: ولاية الجزيرة | J50: خارج العمل
A51: 46 | B51: صف ضابط | C51: 46 | D51: مساعد شرطة | E51: مزمل البشير العبيد احمد | F51: ادارة الشئون المالية | I51: ولاية البحر الأحمر | J51: في العمل
A52: 47 | B52: صف ضابط | C52: 47 | D52: مساعد شرطة | E52: محمد عوض دفع الله احمد | F52: ادارة مصنع الوثائق | I52: ولاية الجزيرة | J52: خارج العمل
A53: 48 | B53: صف ضابط | C53: 48 | D53: مساعد شرطة | E53: صلاح الدين بشير بركة | F53: ادارة الشئون الادارية | I53: ولاية الجزيرة | J53: خارج العمل
A54: 49 | B54: صف ضابط | C54: 49 | D54: مساعد شرطة | E54: نسرين محمد تاج السر | F54: ادارة الشئون المالية | J54: خارج العمل
A55: 50 | B55: صف ضابط | C55: 50 | D55: مساعد شرطة | E55: اميرة دقاش سعد دليل | F55: ادارة الشئون المالية | J55: خارج العمل
A56: 51 | B56: صف ضابط | C56: 51 | D56: مساعد شرطة | E56: يونس علي نور الدين حامد | F56: ادارة الشئون المالية | J56: خارج العمل
A57: 52 | B57: صف ضابط | C57: 52 | D57: مساعد شرطة | E57: صفاء عبد النور سليمان عبد النور | F57: ادارة مصنع الوثائق | I57: ولاية نهر النيل | J57: خارج العمل
A58: 53 | B58: صف ضابط | C58: 53 | D58: مساعد شرطة | E58: ثويبة عثمان الهادي محمد | F58: ادارة الشئون المالية | I58: ولاية البحر الأحمر | J58: خارج العمل
A59: 54 | B59: صف ضابط | C59: 54 | D59: مساعد شرطة | E59: منير سيد احمد بابكر هلالي | F59: ادارة مصنع الوثائق | J59: خارج العمل
A60: 55 | B60: صف ضابط | C60: 55 | D60: مساعد شرطة | E60: عزة كمال عباس رجب | F60: ادارة مصنع الوثائق | J60: خارج العمل
A61: 56 | B61: صف ضابط | C61: 56 | D61: مساعد شرطة | E61: ياسر دفع الله يوسف موسي | F61: ادارة مصنع الوثائق | J61: خارج العمل
A62: 57 | B62: صف ضابط | C62: 57 | D62: مساعد شرطة | E62: محمود الصادق حسين محمود | F62: ادارة مصنع الوثائق | J62: خارج العمل
A63: 58 | B63: صف ضابط | C63: 58 | D63: مساعد شرطة | E63: مصطفى عبد الله جادكريم الامام | F63: ادارة الشئون الإدارية | I63: ولاية الخرطوم | J63: خارج العمل
A64: 59 | B64: صف ضابط | C64: 59 | D64: مساعد شرطة | E64: النور عثمان برام جاد الله | F64: ادارة مصنع الوثائق | J64: خارج العمل
A65: 60 | B65: صف ضابط | C65: 60 | D65: مساعد شرطة | E65: بكري مقدم سالمين الضو | F65: ادارة الشئون الإدارية | I65: ولاية الجزيرة | J65: خارج العمل
A66: 61 | B66: صف ضابط | C66: 61 | D66: مساعد شرطة | E66: خليفة ابوه كرتكيلا علي | F66: ادارة الشئون القانونية | I66: ولاية الخرطوم | J66: خارج العمل
A67: 62 | B67: صف ضابط | C67: 62 | D67: مساعد شرطة | E67: سمؤل عوض الله مهيوب محمد | F67: ادارة مصنع الوثائق | J67: خارج العمل
A68: 63 | B68: صف ضابط | C68: 63 | D68: مساعد شرطة | E68: ابراهيم دفع الله اسحاق منصور | F68: ادارة الشئون الادارية | I68: ولاية سنار | J68: خارج العمل
A69: 64 | B69: صف ضابط | C69: 64 | D69: مساعد شرطة | E69: سامي مهدي خرطوم سفور | F69: ادارة مصنع الوثائق | J69: خارج العمل
A70: 65 | B70: صف ضابط | C70: 65 | D70: مساعد شرطة | E70: سلمى عثمان يونس عثمان | F70: ادارة مصنع الوثائق | J70: خارج العمل
A71: 66 | B71: صف ضابط | C71: 66 | D71: مساعد شرطة | E71: عثمان عبد الرحمن عثمان | F71: المكتب التنفيذي | I71: ولاية البحر الأحمر | J71: في العمل
A72: 67 | B72: صف ضابط | C72: 67 | D72: مساعد شرطة | E72: عثمان وقيع الله عثمان وقيع الله | F72: ادارة مصنع الوثائق | J72: خارج العمل
A73: 68 | B73: صف ضابط | C73: 68 | D73: مساعد شرطة | E73: معتز ادم محمود سليطين | F73: ادارة مصنع الوثائق | J73: خارج العمل
A74: 69 | B74: صف ضابط | C74: 69 | D74: مساعد شرطة | E74: انس ضحية بردول ارقين | F74: ادارة مصنع الوثائق | J74: خارج العمل
A75: 70 | B75: صف ضابط | C75: 70 | D75: مساعد شرطة | E75: ناجي السر محمد خير | F75: ادارة مصنع الوثائق | J75: خارج العمل
A76: 71 | B76: صف ضابط | C76: 71 | D76: رقيب اول شرطة | E76: اقبال عبد الله مبروك عبد الله | F76: ادارة مصنع الوثائق | J76: خارج العمل
A77: 72 | B77: صف ضابط | C77: 72 | D77: رقيب اول شرطة | E77: منيرة جبريل الحسين الحسن | F77: ادارة مصنع الوثائق | J77: خارج العمل
A78: 73 | B78: صف ضابط | C78: 73 | D78: رقيب اول شرطة | E78: رانيا ادم اسحق الوالي | F78: ادارة مصنع الوثائق | J78: خارج العمل
A79: 74 | B79: صف ضابط | C79: 74 | D79: رقيب اول شرطة | E79: ندى عمر حامد عيسى | F79: ادارة مصنع الوثائق | J79: خارج العمل
A80: 75 | B80: صف ضابط | C80: 75 | D80: رقيب اول شرطة | E80: الفاضل حامد الاحيمر كلمبي | F80: ادارة مصنع الوثائق | J80: خارج العمل
A81: 76 | B81: صف ضابط | C81: 76 | D81: رقيب اول شرطة | E81: محمد احمد بخيت تيراب | F81: ادارة مصنع الوثائق | J81: خارج العمل
A82: 77 | B82: صف ضابط | C82: 77 | D82: رقيب اول شرطة | E82: حامد حسن جاد الله محمد احمد | F82: ادارة مصنع الوثائق | J82: خارج العمل
A83: 78 | B83: صف ضابط | C83: 78 | D83: رقيب اول شرطة | E83: محمد ناصر ادريس الحسن | F83: ادارة مصنع الوثائق | I83: ولاية النيل الأزرق | J83: خارج العمل
A84: 79 | B84: صف ضابط | C84: 79 | D84: رقيب اول شرطة | E84: ماجد احمد حميدة | F84: ادارة مصنع الوثائق | J84: خارج العمل
A85: 80 | B85: صف ضابط | C85: 80 | D85: رقيب اول شرطة | E85: سارة بله ابراهيم احمد | F85: ادارة مصنع الوثائق | J85: خارج العمل
A86: 81 | B86: صف ضابط | C86: 81 | D86: رقيب اول شرطة | E86: عفراء السر عبد القادر الامين | F86: ادارة مصنع الوثائق | J86: خارج العمل
A87: 82 | B87: صف ضابط | C87: 82 | D87: رقيب اول شرطة | E87: معاوية احمد علي عثمان | F87: ادارة الشئون الادارية | I87: ولاية سنار | J87: خارج العمل
A88: 83 | B88: صف ضابط | C88: 83 | D88: رقيب اول شرطة | E88: محمد عبد الرحمن النو | F88: ادارة الشئون المالية | J88: خارج العمل
A89: 84 | B89: صف ضابط | C89: 84 | D89: رقيب اول شرطة | E89: سهام محمد هبيلة | F89: ادارة الشئون المالية | J89: خارج العمل
A90: 85 | B90: صف ضابط | C90: 85 | D90: رقيب اول شرطة | E90: صالح النور حسن ابكر | F90: ادارة مصنع الوثائق | I90: ولاية النيل الأزرق | J90: خارج العمل
A91: 86 | B91: صف ضابط | C91: 86 | D91: رقيب اول شرطة | E91: محمد ضرار عبد الرسول اسماعيل | F91: ادارة مصنع الوثائق | J91: خارج العمل
A92: 87 | B92: صف ضابط | C92: 87 | D92: رقيب اول شرطة | E92: سيد عماد سيد خميس | F92: ادارة مصنع الوثائق | J92: خارج العمل
A93: 88 | B93: صف ضابط | C93: 88 | D93: رقيب اول شرطة | E93: يحي محمد المهدي الزبير | F93: ادارة مصنع الوثائق | J93: خارج العمل
A94: 89 | B94: صف ضابط | C94: 89 | D94: رقيب اول شرطة | E94: صدام عمر علي محمد | F94: ادارة مصنع الوثائق | J94: خارج العمل
A95: 90 | B95: صف ضابط | C95: 90 | D95: رقيب اول شرطة | E95: كوه كنو كافي ابو قنيت | F95: ادارة الشئون الادارية | I95: ولاية البحر الأحمر | J95: في العمل
A96: 91 | B96: صف ضابط | C96: 91 | D96: رقيب اول شرطة | E96: خنساء جعفر محمد احمد | F96: الادارة الفنية | I96: ولاية نهر النيل | J96: في العمل
A97: 92 | B97: صف ضابط | C97: 92 | D97: رقيب اول شرطة | E97: هشام هاشم علي طه | F97: ادارة الشئون الادارية | I97: ولاية البحر الأحمر | J97: في العمل
A98: 93 | B98: صف ضابط | C98: 93 | D98: رقيب اول شرطة | E98: الصديق عبد الله حبيب الله مصطفى | F98: ادارة مصنع الوثائق | J98: خارج العمل
A99: 94 | B99: صف ضابط | C99: 94 | D99: رقيب اول شرطة | E99: هشام علي الطيب علي | F99: ادارة الشئون الادارية | I99: ولاية الجزيرة | J99: خارج العمل
A100: 95 | B100: صف ضابط | C100: 95 | D100: رقيب اول شرطة | E100: فاروق خميس محمد فرج الله | F100: ادارة مصنع الوثائق | J100: خارج العمل
A101: 96 | B101: صف ضابط | C101: 96 | D101: رقيب اول شرطة | E101: عبد الله كومي كوكو كوجو | F101: ادارة مصنع الوثائق | J101: خارج العمل
A102: 97 | B102: صف ضابط | C102: 97 | D102: رقيب اول شرطة | E102: نهال عبد العظيم سليمان حمد | F102: ادارة مصنع الوثائق | I102: ولاية نهر النيل | J102: خارج العمل
A103: 98 | B103: صف ضابط | C103: 98 | D103: رقيب اول شرطة | E103: معتصم عبد الله مصطفى عبد الله | F103: ادارة مصنع الوثائق | J103: خارج العمل
A104: 99 | B104: صف ضابط | C104: 99 | D104: رقيب شرطة | E104: عوض طه محجوب | F104: ادارة مصنع الوثائق | J104: خارج العمل
A105: 100 | B105: صف ضابط | C105: 100 | D105: رقيب شرطة | E105: حامد عبد الدائم احمد محمد | F105: ادارة مصنع الوثائق | J105: خارج العمل
A106: 101 | B106: صف ضابط | C106: 101 | D106: رقيب شرطة | E106: محمد احمد فضل الله سليمان | F106: ادارة مصنع الوثائق | J106: خارج العمل
A107: 102 | B107: صف ضابط | C107: 102 | D107: رقيب شرطة | E107: اسماعيل ابراهيم محمد توم | F107: ادارة مصنع الوثائق | J107: خارج العمل
...

Sheet القوة حسب المسمى 
A2: م | C2: الرتبة/ الصفة | D2: الاســــــــــــــــــــــــــــم | E2: الادارة | F2: القسم | G2: الدرجة | H2: العلاوة | I2: التأهيل الأكاديمي | J2: ملحوظة | K2: النوع | L2: الصفة | M2: المشروع | N2: مكان التواجد | O2: الوضع الاداري | P2: الجهة الملحق / المنتدب منه | Q2: تاريخ التعاقد | R2: تاريخ دخول الخدمة | S2: بداية العقد الحالي | T2: مدة العقد بالسنين | U2: عدد الشهور | V2: نهاية العقد الحالي | W2: عدد الايام المتبقية | X2: عدد سنوات الخدمة | Y2: مكان السكن | Z2: تصنيف السكن | AA2: الوضع الحال | AB2: الرقم الوطني | AC2: ملاحظات | AD2: الراتب | AE2: حالة العقد | AF2: ملحوظة
A3: 1 | B3: ضابط | C3: عقيد شرطة | D3: طارق رحمة عبد القادر محمد | E3: الإدارة العليا | G3: الثالثة | K3: ذكر | L3: مدير عام | N3: ولاية الخرطوم | O3: منتدب | P3: الادارة العامة للحوسبة والاتصالات | Q3: 45369 | R3: =EDATE(Q3, 24) -> 46099 | S3: 45643 | T3: 4 | U3: =T3*12 -> 48 | V3: =EDATE(S3,U3) -> 47104 | W3: =V3-TODAY() -> 956 | X3: =DATEDIF(Q3, TODAY(), "Y") -> 2 | Y3: خاص | Z3: خارجي | AA3: الشركة | AE3: =IF(V3<TODAY(),"منتهي",IF(V3-TODAY()>=30,"ساري","ينتهي قريباً")) -> ساري
A4: 2 | B4: موظف | C4: عميد شرطة (م) | D4: عادل حسن السيد سيد أحمد | E4: الإستشاريين | G4: الثانية | K4: ذكر | L4: مستشار | N4: ولاية الخرطوم | O4: موظف | Y4: خاص | Z4: خارجي | AA4: الشركة | AE4: =IF(V4<TODAY(),"منتهي",IF(V4-TODAY()>=30,"ساري","ينتهي قريباً")) -> منتهي
A5: 3 | B5: ضابط | C5: عقيد شرطة | D5: خالد علي اسماعيل عثمان | E5: الادارة الفنية | G5: الثالثة | K5: ذكر | L5: مدير ادارة | N5: ولاية الخرطوم | O5: منتدب | P5: الادارة العامة للحوسبة والاتصالات | Q5: 44941 | R5: =EDATE(Q5, 24) -> 45672 | S5: 45643 | T5: 4 | U5: =T5*12 -> 48 | V5: =EDATE(S5,U5) -> 47104 | W5: =V5-TODAY() -> 956 | X5: =DATEDIF(Q5, TODAY(), "Y") -> 3 | Y5: السكن (ج) | Z5: داخلي | AA5: الشركة | AE5: =IF(V5<TODAY(),"منتهي",IF(V5-TODAY()>=30,"ساري","ينتهي قريباً")) -> ساري
A6: 4 | B6: ضابط | C6: مقدم شرطة | D6: زياد حسب الرسول محمد ابو الريش | E6: ادارة المراجعة الداخلية | G6: الرابعة | K6: ذكر | L6: مدير ادارة | N6: ولاية الخرطوم | O6: منتدب | P6: رئاسة الشرطة | Q6: 44636 | R6: =EDATE(Q6, 24) -> 45367 | S6: 45643 | T6: 4 | U6: =T6*12 -> 48 | V6: =EDATE(S6,U6) -> 47104 | W6: =V6-TODAY() -> 956 | X6: =DATEDIF(Q6, TODAY(), "Y") -> 4 | Y6: السكن (ب) | Z6: داخلي | AA6: الشركة | AE6: =IF(V6<TODAY(),"منتهي",IF(V6-TODAY()>=30,"ساري","ينتهي قريباً")) -> ساري
A7: 5 | B7: ضابط | C7: مقدم شرطة | D7: مازن محمد امين خليل | E7: ادارة تطوير الاعمال | G7: الرابعة | K7: ذكر | L7: مدير ادارة | N7: ولاية الخرطوم | O7: منتدب | P7: رئاسة الشرطة | Q7: 44857 | R7: =EDATE(Q7, 24) -> 45588 | S7: 45643 | T7: 4 | U7: =T7*12 -> 48 | V7: =EDATE(S7,U7) -> 47104 | W7: =V7-TODAY() -> 956 | X7: =DATEDIF(Q7, TODAY(), "Y") -> 3 | Y7: خاص | Z7: خارجي | AA7: الشركة | AB7: 11569032362 | AE7: =IF(V7<TODAY(),"منتهي",IF(V7-TODAY()>=30,"ساري","ينتهي قريباً")) -> ساري
A8: 6 | B8: ضابط | C8: مقدم شرطة | D8: مدثر تاج السر عبد الدائم محمد | E8: الادارة الفنية | F8: المشاريع التقنية | G8: الرابعة | K8: ذكر | L8: رئيس قسم | M8: صندوق التأمين الاجتماعي | N8: ولاية الخرطوم | O8: منتدب | P8: رئاسة الشرطة | Q8: 44853 | R8: =EDATE(Q8, 24) -> 45584 | S8: 45643 | T8: 4 | U8: =T8*12 -> 48 | V8: =EDATE(S8,U8) -> 47104 | W8: =V8-TODAY() -> 956 | X8: =DATEDIF(Q8, TODAY(), "Y") -> 3 | Y8: السكن (د) | Z8: داخلي | AA8: الشركة | AE8: =IF(V8<TODAY(),"منتهي",IF(V8-TODAY()>=30,"ساري","ينتهي قريباً")) -> ساري
A9: 7 | B9: ضابط | C9: مقدم شرطة | D9: الجعلي محمد احمد حسن | E9: الادارة الفنية | F9: ict | G9: الرابعة | K9: ذكر | L9: رئيس قسم | N9: ولاية الخرطوم | O9: منتدب | P9: الادارة العامة للحوسبة والاتصالات | Q9: 44972 | R9: =EDATE(Q9, 24) -> 45703 | S9: 45643 | T9: 4 | U9: =T9*12 -> 48 | V9: =EDATE(S9,U9) -> 47104 | W9: =V9-TODAY() -> 956 | X9: =DATEDIF(Q9, TODAY(), "Y") -> 3 | Y9: خاص | Z9: خارجي | AA9: الولايات | AE9: =IF(V9<TODAY(),"منتهي",IF(V9-TODAY()>=30,"ساري","ينتهي قريباً")) -> ساري
A10: 8 | B10: ضابط | C10: مقدم شرطة | D10: محمد طه مصطفى علي | E10: الادارة الفنية | G10: الرابعة | K10: ذكر | L10: موظف | N10: ولاية الخرطوم | O10: منتدب | P10: الادارة العامة للحوسبة والاتصالات | Q10: 44983 | R10: =EDATE(Q10, 24) -> 45714 | S10: 45643 | T10: 4 | U10: =T10*12 -> 48 | V10: =EDATE(S10,U10) -> 47104 | W10: =V10-TODAY() -> 956 | X10: =DATEDIF(Q10, TODAY(), "Y") -> 3 | Y10: خاص | Z10: خارجي | AA10: الشركة | AE10: =IF(V10<TODAY(),"منتهي",IF(V10-TODAY()>=30,"ساري","ينتهي قريباً")) -> ساري
A11: 9 | B11: ضابط | C11: مقدم شرطة | D11: شرف الدين عبدالفتاح خالد محمد | E11: الادارة الفنية | F11: ict | G11: الرابعة | K11: ذكر | L11: موظف | N11: ولاية الخرطوم | O11: منتدب | P11: قوات الجمارك | Q11: 45566 | R11: =EDATE(Q11, 24) -> 46296 | S11: 45643 | T11: 4 | U11: =T11*12 -> 48 | V11: =EDATE(S11,U11) -> 47104 | W11: =V11-TODAY() -> 956 | X11: =DATEDIF(Q11, TODAY(), "Y") -> 1 | Y11: السكن (ج) | Z11: داخلي | AA11: الشركة | AE11: =IF(V11<TODAY(),"منتهي",IF(V11-TODAY()>=30,"ساري","ينتهي قريباً")) -> ساري
A12: 10 | B12: ضابط | C12: رائد شرطة | D12: محمد احمد عمر محمد بله | E12: ادارة تطوير الاعمال | F12: التخليص الجمركي | G12: الخامسة | K12: ذكر | L12: موظف | N12: ولاية البحر الأحمر | O12: ملحق | P12: الادارة العامة للحوسبة والاتصالات | Q12: 44853 | R12: =EDATE(Q12, 24) -> 45584 | S12: 44853 | T12: 4 | U12: =T12*12 -> 48 | V12: =EDATE(S12,U12) -> 46314 | X12: =DATEDIF(Q12, TODAY(), "Y") -> 3 | Y12: خاص | Z12: خارجي | AA12: الشركة | AE12: =IF(V12<TODAY(),"منتهي",IF(V12-TODAY()>=30,"ساري","ينتهي قريباً")) -> ساري
A13: 11 | B13: ضابط | C13: رائد شرطة | D13: محمد ابراهيم احمد حميدة | E13: ادارة تطوير الاعمال | F13: الدعم اللوجستي والتأمين | G13: الخامسة | K13: ذكر | L13: رئيس قسم | N13: ولاية البحر الأحمر | O13: منتدب | P13: الادارة العامة للحوسبة والاتصالات | Q13: 44853 | R13: =EDATE(Q13, 24) -> 45584 | S13: 45643 | T13: 4 | U13: =T13*12 -> 48 | V13: =EDATE(S13,U13) -> 47104 | W13: =V13-TODAY() -> 956 | X13: =DATEDIF(Q13, TODAY(), "Y") -> 3 | Y13: السكن (د) | Z13: داخلي | AA13: الولايات | AE13: =IF(V13<TODAY(),"منتهي",IF(V13-TODAY()>=30,"ساري","ينتهي قريباً")) -> ساري
A14: 12 | B14: ضابط | C14: رائد شرطة | D14: محمد عمر محمد مساعد | E14: ادارة الشئون المالية | G14: الخامسة | K14: ذكر | L14: مدير ادارة | N14: ولاية البحر الأحمر | O14: منتدب | P14: الادارة العامة للشئون المالية | Q14: 44853 | R14: =EDATE(Q14, 24) -> 45584 | S14: 45643 | T14: 4 | U14: =T14*12 -> 48 | V14: =EDATE(S14,U14) -> 47104 | W14: =V14-TODAY() -> 956 | X14: =DATEDIF(Q14, TODAY(), "Y") -> 3 | Y14: خاص | Z14: خارجي | AA14: الشركة | AE14: =IF(V14<TODAY(),"منتهي",IF(V14-TODAY()>=30,"ساري","ينتهي قريباً")) -> ساري
A15: 13 | B15: ضابط | C15: رائد شرطة | D15: مزمل سعيد عبد الرحمن حسين | E15: الادارة الفنية | F15: المشاريع التقنية | G15: الخامسة | K15: ذكر | L15: موظف | M15: الجواز الالكتروني | N15: الولاية الشمالية | O15: منتدب | P15: رئاسة الشرطة | Q15: 44346 | R15: =EDATE(Q15, 24) -> 45076 | S15: 45643 | T15: 4 | U15: =T15*12 -> 48 | V15: =EDATE(S15,U15) -> 47104 | W15: =V15-TODAY() -> 956 | X15: =DATEDIF(Q15, TODAY(), "Y") -> 4 | Y15: خاص | Z15: خارجي | AA15: الولايات | AE15: =IF(V15<TODAY(),"منتهي",IF(V15-TODAY()>=30,"ساري","ينتهي قريباً")) -> ساري
A16: 14 | B16: ضابط | C16: رائد شرطة | D16: مبارك عبد الحفيظ علي الحاج | E16: الادارة الفنية | G16: الخامسة | K16: ذكر | L16: موظف | N16: ولاية الخرطوم | O16: منتدب | P16: الادارة العامة للحوسبة والاتصالات | Q16: 44853 | R16: =EDATE(Q16, 24) -> 45584 | S16: 45643 | T16: 4 | U16: =T16*12 -> 48 | V16: =EDATE(S16,U16) -> 47104 | W16: =V16-TODAY() -> 956 | X16: =DATEDIF(Q16, TODAY(), "Y") -> 3 | Y16: السكن (ج) | Z16: داخلي | AA16: الشركة | AB16: 11456507103 | AE16: =IF(V16<TODAY(),"منتهي",IF(V16-TODAY()>=30,"ساري","ينتهي قريباً")) -> ساري
A17: 15 | B17: ضابط | C17: رائد شرطة | D17: الفاضل احمد عبد الرحيم عثمان | E17: الادارة الفنية | F17: المشاريع التقنية | G17: الخامسة | K17: ذكر | L17: موظف | M17: الجواز الالكتروني | N17: ولاية النيل الأبيض | O17: منتدب | P17: الادارة العامة للحوسبة والاتصالات | Q17: 44903 | R17: =EDATE(Q17, 24) -> 45634 | S17: 45643 | T17: 4 | U17: =T17*12 -> 48 | V17: =EDATE(S17,U17) -> 47104 | W17: =V17-TODAY() -> 956 | X17: =DATEDIF(Q17, TODAY(), "Y") -> 3 | Y17: خاص | Z17: خارجي | AA17: الولايات | AB17: 10100003103 | AE17: =IF(V17<TODAY(),"منتهي",IF(V17-TODAY()>=30,"ساري","ينتهي قريباً")) -> ساري
A18: 16 | B18: ضابط | C18: رائد شرطة | D18: خالد عبد الله محمد عمر | E18: الادارة الفنية | F18: التصميم | G18: الخامسة | K18: ذكر | L18: رئيس قسم | N18: ولاية الخرطوم | O18: منتدب | P18: رئاسة الشرطة | Q18: 44853 | R18: =EDATE(Q18, 24) -> 45584 | S18: 45643 | T18: 4 | U18: =T18*12 -> 48 | V18: =EDATE(S18,U18) -> 47104 | W18: =V18-TODAY() -> 956 | X18: =DATEDIF(Q18, TODAY(), "Y") -> 3 | Y18: السكن (د) | Z18: داخلي | AA18: الولايات | AE18: =IF(V18<TODAY(),"منتهي",IF(V18-TODAY()>=30,"ساري","ينتهي قريباً")) -> ساري
A19: 17 | B19: ضابط | C19: رائد شرطة | D19: بكري محمد التجاني الفكي | E19: ادارة الشئون القانونية | G19: الخامسة | K19: ذكر | L19: مدير ادارة | N19: ولاية الخرطوم | O19: منتدب | P19: الادارة العامة للشئون القانونية | Q19: 44881 | R19: =EDATE(Q19, 24) -> 45612 | S19: 45643 | T19: 4 | U19: =T19*12 -> 48 | V19: =EDATE(S19,U19) -> 47104 | W19: =V19-TODAY() -> 956 | X19: =DATEDIF(Q19, TODAY(), "Y") -> 3 | Y19: السكن (ج) | Z19: داخلي | AA19: الشركة | AE19: =IF(V19<TODAY(),"منتهي",IF(V19-TODAY()>=30,"ساري","ينتهي قريباً")) -> ساري
A20: 18 | B20: ضابط | C20: رائد شرطة | D20: محمود محمد عثمان فضل | E20: ادارة تطوير الاعمال | F20: المبيعات | G20: الخامسة | K20: ذكر | L20: رئيس قسم | N20: ولاية البحر الأحمر | O20: منتدب | P20: رئاسة الشرطة | Q20: 44405 | R20: =EDATE(Q20, 24) -> 45135 | S20: 45643 | T20: 4 | U20: =T20*12 -> 48 | V20: =EDATE(S20,U20) -> 47104 | W20: =V20-TODAY() -> 956 | X20: =DATEDIF(Q20, TODAY(), "Y") -> 4 | Y20: السكن (ج) | Z20: داخلي | AA20: الشركة | AE20: =IF(V20<TODAY(),"منتهي",IF(V20-TODAY()>=30,"ساري","ينتهي قريباً")) -> ساري
A21: 19 | B21: ضابط | C21: رائد شرطة | D21: نادر بشير علي محمد بخيت | E21: ادارة الشئون الادارية | G21: الخامسة | K21: ذكر | L21: مدير ادارة | N21: ولاية الخرطوم | O21: منتدب | P21: رئاسة الشرطة | Q21: 44630 | R21: =EDATE(Q21, 24) -> 45361 | S21: 45643 | T21: 4 | U21: =T21*12 -> 48 | V21: =EDATE(S21,U21) -> 47104 | W21: =V21-TODAY() -> 956 | X21: =DATEDIF(Q21, TODAY(), "Y") -> 4 | Y21: السكن (ب) | Z21: داخلي | AA21: الشركة | AB21: 11648354855 | AE21: =IF(V21<TODAY(),"منتهي",IF(V21-TODAY()>=30,"ساري","ينتهي قريباً")) -> ساري
A22: 20 | B22: ضابط | C22: رائد شرطة | D22: خالد عبدالرازق ابراهيم حسن | E22: الادارة الفنية | G22: الخامسة | K22: ذكر | L22: موظف | N22: ولاية الخرطوم | O22: منتدب | P22: الادارة العامة للحوسبة والاتصالات | Q22: 43684 | R22: =EDATE(Q22, 24) -> 44415 | S22: 45643 | T22: 4 | U22: =T22*12 -> 48 | V22: =EDATE(S22,U22) -> 47104 | W22: =V22-TODAY() -> 956 | X22: =DATEDIF(Q22, TODAY(), "Y") -> 6 | Y22: خاص | Z22: خارجي | AA22: الولايات | AB22: 10100140847 | AE22: =IF(V22<TODAY(),"منتهي",IF(V22-TODAY()>=30,"ساري","ينتهي قريباً")) -> ساري
A23: 21 | B23: ضابط | C23: رائد شرطة | D23: شريف بابكر عبد الله محمد | E23: الادارة الفنية | G23: السابعة | K23: ذكر | L23: موظف | N23: ولاية البحر الأحمر | O23: منتدب | P23: الادارة العامة للحوسبة والاتصالات | Q23: 44853 | R23: =EDATE(Q23, 24) -> 45584 | S23: 45643 | T23: 4 | U23: =T23*12 -> 48 | V23: =EDATE(S23,U23) -> 47104 | W23: =V23-TODAY() -> 956 | X23: =DATEDIF(Q23, TODAY(), "Y") -> 3 | Y23: السكن (ب) | Z23: داخلي | AA23: الشركة | AB23: 12018913032 | AE23: =IF(V23<TODAY(),"منتهي",IF(V23-TODAY()>=30,"ساري","ينتهي قريباً")) -> ساري
A24: 22 | B24: ضابط | C24: نقيب شرطة | D24: مهيد محمد علي منصور | E24: المكتب التنفيذي | G24: السابعة | K24: ذكر | L24: مدير ادارة | N24: ولاية الخرطوم | O24: منتدب | P24: المكتب التنفيذي للرئاسة | Q24: 44956 | R24: =EDATE(Q24, 24) -> 45687 | S24: 45643 | T24: 4 | U24: =T24*12 -> 48 | V24: =EDATE(S24,U24) -> 47104 | W24: =V24-TODAY() -> 956 | X24: =DATEDIF(Q24, TODAY(), "Y") -> 3 | Y24: السكن (ب) | Z24: داخلي | AA24: الشركة | AB24: 12030547459 | AE24: =IF(V24<TODAY(),"منتهي",IF(V24-TODAY()>=30,"ساري","ينتهي قريباً")) -> ساري
A25: 23 | B25: ضابط | C25: نقيب شرطة | D25: اسماعيل شاكر عمر قبسة | E25: الادارة الفنية | F25: المشاريع التقنية | G25: السابعة | K25: ذكر | L25: موظف | M25: ايصالي | N25: ولاية البحر الأحمر | O25: منتدب | P25: الادارة العامة للحوسبة والاتصالات | Q25: 44983 | R25: =EDATE(Q25, 24) -> 45714 | S25: 45643 | T25: 4 | U25: =T25*12 -> 48 | V25: =EDATE(S25,U25) -> 47104 | W25: =V25-TODAY() -> 956 | X25: =DATEDIF(Q25, TODAY(), "Y") -> 3 | Y25: السكن (ج) | Z25: داخلي | AA25: الشركة | AB25: 17723137772 | AE25: =IF(V25<TODAY(),"منتهي",IF(V25-TODAY()>=30,"ساري","ينتهي قريباً")) -> ساري
A26: 24 | B26: ضابط | C26: نقيب شرطة | D26: شيماء محمد نور عبد الماجد | E26: ادارة الشئون المالية | F26: التحصيل | G26: السابعة | K26: انثي | L26: رئيس قسم | N26: ولاية البحر الأحمر | O26: منتدب | P26: الادارة العامة للشئون المالية | Q26: 44906 | R26: =EDATE(Q26, 24) -> 45637 | S26: 45643 | T26: 4 | U26: =T26*12 -> 48 | V26: =EDATE(S26,U26) -> 47104 | W26: =V26-TODAY() -> 956 | X26: =DATEDIF(Q26, TODAY(), "Y") -> 3 | Y26: خاص | Z26: خارجي | AA26: الشركة | AE26: =IF(V26<TODAY(),"منتهي",IF(V26-TODAY()>=30,"ساري","ينتهي قريباً")) -> ساري
A27: 25 | B27: ضابط | C27: نقيب شرطة | D27: هديل محمد خير سر الختم | E27: الادارة الفنية | G27: السابعة | K27: انثي | L27: موظف | N27: ولاية البحر الأحمر | O27: ملحق | P27: الإدارة العامة للموارد البشرية | Q27: 46021 | R27: =EDATE(Q27, 24) -> 46751 | S27: 46021 | T27: 4 | U27: =T27*12 -> 48 | V27: =EDATE(S27,U27) -> 47482 | W27: =V27-TODAY() -> 1334 | X27: =DATEDIF(Q27, TODAY(), "Y") -> 0 | Y27: خاص | Z27: خارجي | AA27: الشركة | AE27: =IF(V27<TODAY(),"منتهي",IF(V27-TODAY()>=30,"ساري","ينتهي قريباً")) -> ساري
A28: 26 | B28: ضابط | C28: نقيب شرطة | D28: احمد عبدالله عبدالحليم محمد | E28: الادارة الفنية | F28: المشاريع التقنية | G28: السابعة | K28: ذكر | L28: موظف | M28: ايصالي | N28: ولاية البحر الأحمر | O28: منتدب | P28: رئاسة الشرطة | Q28: 44853 | R28: =EDATE(Q28, 24) -> 45584 | S28: 45643 | T28: 4 | U28: =T28*12 -> 48 | V28: =EDATE(S28,U28) -> 47104 | W28: =V28-TODAY() -> 956 | X28: =DATEDIF(Q28, TODAY(), "Y") -> 3 | Y28: السكن (ب) | Z28: داخلي | AA28: الشركة | AB28: 11247184589 | AE28: =IF(V28<TODAY(),"منتهي",IF(V28-TODAY()>=30,"ساري","ينتهي قريباً")) -> ساري
A29: 27 | B29: ضابط | C29: نقيب شرطة | D29: البراء كمال بابكر عمر | E29: ادارة الشئون الادارية | F29: الموارد البشرية | G29: الثامنة | K29: ذكر | L29: رئيس قسم | N29: ولاية الخرطوم | O29: منتدب | P29: الادارة العامة للموارد البشرية | Q29: 44903 | R29: =EDATE(Q29, 24) -> 45634 | S29: 45643 | T29: 4 | U29: =T29*12 -> 48 | V29: =EDATE(S29,U29) -> 47104 | W29: =V29-TODAY() -> 956 | X29: =DATEDIF(Q29, TODAY(), "Y") -> 3 | Y29: خاص | Z29: خارجي | AA29: الشركة | AB29: 11980013851 | AE29: =IF(V29<TODAY(),"منتهي",IF(V29-TODAY()>=30,"ساري","ينتهي قريباً")) -> ساري
A30: 28 | B30: ضابط | C30: ملازم أول شرطة | D30: انس عبد الرحمن علي الحسن | E30: الادارة الفنية | F30: المشاريع التقنية | G30: الثامنة | K30: ذكر | L30: موظف | M30: الجواز الدبلوماسي | N30: ولاية البحر الأحمر | O30: منتدب | P30: الادارة العامة للحوسبة والاتصالات | Q30: 44565 | R30: =EDATE(Q30, 24) -> 45295 | S30: 45643 | T30: 4 | U30: =T30*12 -> 48 | V30: =EDATE(S30,U30) -> 47104 | W30: =V30-TODAY() -> 956 | X30: =DATEDIF(Q30, TODAY(), "Y") -> 4 | Y30: السكن (ج) | Z30: داخلي | AA30: الشركة | AB30: 11874900599 | AE30: =IF(V30<TODAY(),"منتهي",IF(V30-TODAY()>=30,"ساري","ينتهي قريباً")) -> ساري
A31: 29 | B31: ضابط | C31: ملازم أول شرطة | D31: مجاهد عادل عبدالله احمد | E31: الادارة الفنية | F31: المشاريع التقنية | G31: الثامنة | K31: ذكر | L31: موظف | M31: بطاقة الشرطة | N31: ولاية الخرطوم | O31: منتدب | P31: الادارة العامة للحوسبة والاتصالات | Q31: 19/9/2023 | R31: =EDATE(Q31, 24) -> 45919 | S31: 45643 | T31: 4 | U31: =T31*12 -> 48 | V31: =EDATE(S31,U31) -> 47104 | W31: =V31-TODAY() -> 956 | X31: =DATEDIF(Q31, TODAY(), "Y") -> 2 | Y31: السكن (ج) | Z31: داخلي | AA31: الشركة | AB31: 11903118551 | AE31: =IF(V31<TODAY(),"منتهي",IF(V31-TODAY()>=30,"ساري","ينتهي قريباً")) -> ساري
A32: 30 | B32: ضابط | C32: ملازم أول شرطة | D32: احمد مجدي كمال الدين الشيخ | E32: الادارة الفنية | F32: المشاريع التقنية | G32: الثامنة | K32: ذكر | L32: موظف | M32: البوابة الالكترونية | N32: خارج السودان | O32: منتدب | P32: الادارة العامة للحوسبة والاتصالات | Q32: 45643 | R32: =EDATE(Q32, 24) -> 46373 | S32: 45643 | T32: 4 | U32: =T32*12 -> 48 | V32: =EDATE(S32,U32) -> 47104 | W32: =V32-TODAY() -> 956 | X32: =DATEDIF(Q32, TODAY(), "Y") -> 1 | Y32: خاص | Z32: خارجي | AA32: خارج السودان | AE32: =IF(V32<TODAY(),"منتهي",IF(V32-TODAY()>=30,"ساري","ينتهي قريباً")) -> ساري
A33: 31 | B33: ضابط | C33: ملازم أول شرطة | D33: هبة عصام الدين عبدالمحمود الطيب | E33: الادارة الفنية | F33: المشاريع التقنية | G33: الثامنة | K33: انثي | L33: موظف | M33: الجواز الالكتروني | N33: ولاية الجزيرة | O33: منتدب | P33: الادارة العامة للحوسبة والاتصالات | Q33: 45643 | R33: =EDATE(Q33, 24) -> 46373 | S33: 45643 | T33: 4 | U33: =T33*12 -> 48 | V33: =EDATE(S33,U33) -> 47104 | W33: =V33-TODAY() -> 956 | X33: =DATEDIF(Q33, TODAY(), "Y") -> 1 | Y33: خاص | Z33: خارجي | AA33: الولايات | AB33: 17865544492 | AE33: =IF(V33<TODAY(),"منتهي",IF(V33-TODAY()>=30,"ساري","ينتهي قريباً")) -> ساري
A34: 32 | B34: ضابط | C34: ملازم أول شرطة | D34: عبد الرحمن ابو القاسم صالح | E34: المكتب التنفيذي | G34: التاسعة | K34: ذكر | L34: رئيس قسم | N34: ولاية الخرطوم | O34: منتدب | P34: الادارة العامة للشئون المالية | Q34: 45643 | R34: =EDATE(Q34, 24) -> 46373 | S34: 45643 | T34: 4 | U34: =T34*12 -> 48 | V34: =EDATE(S34,U34) -> 47104 | W34: =V34-TODAY() -> 956 | X34: =DATEDIF(Q34, TODAY(), "Y") -> 1 | Y34: السكن (ج) | Z34: داخلي | AA34: الشركة | AE34: =IF(V34<TODAY(),"منتهي",IF(V34-TODAY()>=30,"ساري","ينتهي قريباً")) -> ساري
A35: 33 | B35: صف ضابط | C35: مساعد شرطة | D35: محمد أحمد الخضر أحمد | E35: ادارة المراجعة الداخلية | G35: العاشرة | K35: ذكر | L35: موظف | N35: ولاية البحر الأحمر | O35: منتدب | P35: الادارة العامة للمراجعة الداخلية | Q35: 44101 | R35: =EDATE(Q35, 24) -> 44831 | S35: 45643 | T35: 4 | U35: =T35*12 -> 48 | V35: =EDATE(S35,U35) -> 47104 | W35: =V35-TODAY() -> 956 | X35: =DATEDIF(Q35, TODAY(), "Y") -> 5 | Y35: السكن (ب) | Z35: داخلي | AA35: الشركة | AE35: =IF(V35<TODAY(),"منتهي",IF(V35-TODAY()>=30,"ساري","ينتهي قريباً")) -> ساري
A36: 34 | B36: صف ضابط | C36: مساعد شرطة | D36: محمد محي الدين حسب الله فضل المولي | E36: ادارة الشئون الادارية | F36: الدعم اللوجستي | G36: العاشرة | K36: ذكر | L36: سائق | N36: ولاية الخرطوم | O36: منتدب | P36: الادارة العامة للشئون المالية | Q36: 44948 | R36: =EDATE(Q36, 24) -> 45679 | S36: 45643 | T36: 4 | U36: =T36*12 -> 48 | V36: =EDATE(S36,U36) -> 47104 | W36: =V36-TODAY() -> 956 | X36: =DATEDIF(Q36, TODAY(), "Y") -> 3 | Y36: خاص | Z36: خارجي | AA36: الولايات | AB36: 10200024326 | AE36: =IF(V36<TODAY(),"منتهي",IF(V36-TODAY()>=30,"ساري","ينتهي قريباً")) -> ساري
A37: 35 | B37: صف ضابط | C37: مساعد شرطة | D37: عثمان عمر احمد ابكر | E37: ادارة الشئون المالية | F37: المخازن | G37: العاشرة | K37: ذكر | L37: رئيس قسم | N37: ولاية البحر الأحمر | O37: منتدب | P37: الادارة العامة للشئون المالية | Q37: 44948 | R37: =EDATE(Q37, 24) -> 45679 | S37: 45643 | T37: 4 | U37: =T37*12 -> 48 | V37: =EDATE(S37,U37) -> 47104 | W37: =V37-TODAY() -> 956 | X37: =DATEDIF(Q37, TODAY(), "Y") -> 3 | Y37: خاص | Z37: خارجي | AA37: الشركة | AB37: 11584602152 | AE37: =IF(V37<TODAY(),"منتهي",IF(V37-TODAY()>=30,"ساري","ينتهي قريباً")) -> ساري
A38: 36 | B38: صف ضابط | C38: مساعد شرطة | D38: مزمل بشير العبيد احمد | E38: ادارة الشئون المالية | F38: التحصيل | G38: العاشرة | K38: ذكر | L38: موظف | N38: ولاية الخرطوم | O38: منتدب | P38: الادارة العامة للشئون المالية | Q38: 44908 | R38: =EDATE(Q38, 24) -> 45639 | S38: 45643 | T38: 4 | U38: =T38*12 -> 48 | V38: =EDATE(S38,U38) -> 47104 | W38: =V38-TODAY() -> 956 | X38: =DATEDIF(Q38, TODAY(), "Y") -> 3 | Y38: السكن (ب) | Z38: داخلي | AA38: الشركة | AB38: 19734181809 | AE38: =IF(V38<TODAY(),"منتهي",IF(V38-TODAY()>=30,"ساري","ينتهي قريباً")) -> ساري
A39: 37 | B39: صف ضابط | C39: مساعد شرطة | D39: يونس علي نور الدين حامد | E39: الإدارة الفنية | F39: الصيانة | G39: العاشرة | K39: ذكر | L39: موظف | N39: ولاية البحر الأحمر | O39: منتدب | P39: الادارة العامة للشئون المالية | Q39: 44930 | R39: =EDATE(Q39, 24) -> 45661 | S39: 45643 | T39: 4 | U39: =T39*12 -> 48 | V39: =EDATE(S39,U39) -> 47104 | W39: =V39-TODAY() -> 956 | X39: =DATEDIF(Q39, TODAY(), "Y") -> 3 | Y39: خاص | Z39: خارجي | AA39: الشركة | AE39: =IF(V39<TODAY(),"منتهي",IF(V39-TODAY()>=30,"ساري","ينتهي قريباً")) -> ساري
A40: 38 | B40: صف ضابط | C40: مساعد شرطة | D40: اكرم عبيد عوض الكريم محمد | E40: ادارة تطوير الاعمال | G40: العاشرة | K40: ذكر | L40: موظف | N40: ولاية الخرطوم | O40: منتدب | P40: شرطة ولاية الخرطوم | Q40: 45655 | R40: =EDATE(Q40, 24) -> 46385 | S40: 45655 | T40: 1 | U40: =T40*12 -> 12 | V40: =EDATE(S40,U40) -> 46020 | W40: =V40-TODAY() -> -128 | X40: =DATEDIF(Q40, TODAY(), "Y") -> 1 | Y40: السكن (ب) | Z40: داخلي | AA40: الشركة | AE40: =IF(V40<TODAY(),"منتهي",IF(V40-TODAY()>=30,"ساري","ينتهي قريباً")) -> منتهي
A41: 39 | B41: صف ضابط | C41: مساعد شرطة | D41: عثمان عبد الرحمن عثمان عيسي | E41: المكتب التنفيذي | F41: السكرتارية | G41: العاشرة | K41: ذكر | L41: سائق | N41: ولاية الخرطوم | O41: منتدب | P41: الادارة العامة للشئون المالية | Q41: 44926 | R41: =EDATE(Q41, 24) -> 45657 | S41: 45643 | T41: 4 | U41: =T41*12 -> 48 | V41: =EDATE(S41,U41) -> 47104 | W41: =V41-TODAY() -> 956 | X41: =DATEDIF(Q41, TODAY(), "Y") -> 3 | Y41: السكن (ب) | Z41: داخلي | AA41: الشركة | AB41: 10200061392 | AE41: =IF(V41<TODAY(),"منتهي",IF(V41-TODAY()>=30,"ساري","ينتهي قريباً")) -> ساري
A42: 40 | B42: صف ضابط | C42: مساعد شرطة | D42: خنساء جعفر محمد احمد | E42: الادارة الفنية | F42: المشاريع التقنية | G42: العاشرة | K42: انثي | L42: موظف | M42: الجواز الالكتروني | N42: ولاية الخرطوم | O42: منتدب | P42: الادارة العامة للجوازات والهجرة | Q42: 44921 | R42: =EDATE(Q42, 24) -> 45652 | S42: 45643 | T42: 4 | U42: =T42*12 -> 48 | V42: =EDATE(S42,U42) -> 47104 | W42: =V42-TODAY() -> 956 | X42: =DATEDIF(Q42, TODAY(), "Y") -> 3 | Y42: خاص | Z42: خارجي | AA42: الولايات | AE42: =IF(V42<TODAY(),"منتهي",IF(V42-TODAY()>=30,"ساري","ينتهي قريباً")) -> ساري
A43: 41 | B43: صف ضابط | C43: مساعد شرطة | D43: هشام علي الطيب علي | E43: ادارة الشئون الادارية | F43: الموارد البشرية | G43: العاشرة | K43: ذكر | L43: موظف | N43: ولاية الخرطوم | O43: منتدب | P43: دار الشرطة | Q43: 44610 | R43: =EDATE(Q43, 24) -> 45340 | S43: 45680 | T43: 1 | U43: =T43*12 -> 12 | V43: =EDATE(S43,U43) -> 46045 | W43: =V43-TODAY() -> -103 | X43: =DATEDIF(Q43, TODAY(), "Y") -> 4 | Y43: خاص | Z43: خارجي | AA43: الولايات | AB43: 11967240458 | AE43: =IF(V43<TODAY(),"منتهي",IF(V43-TODAY()>=30,"ساري","ينتهي قريباً")) -> منتهي
A44: 42 | B44: صف ضابط | C44: رقيب اول شرطة | D44: كوه كنو كافي ابو قنيت | E44: ادارة الشئون الادارية | F44: الدعم اللوجستي | G44: الحادية عشر | K44: ذكر | L44: موظف | N44: ولاية الخرطوم | O44: منتدب | P44: شرطة ولاية الخرطوم | Q44: 44940 | R44: =EDATE(Q44, 24) -> 45671 | S44: 45643 | T44: 4 | U44: =T44*12 -> 48 | V44: =EDATE(S44,U44) -> 47104 | W44: =V44-TODAY() -> 956 | X44: =DATEDIF(Q44, TODAY(), "Y") -> 3 | Y44: خاص | Z44: خارجي | AA44: الولايات | AE44: =IF(V44<TODAY(),"منتهي",IF(V44-TODAY()>=30,"ساري","ينتهي قريباً")) -> ساري
A45: 43 | B45: صف ضابط | C45: رقيب اول شرطة | D45: امام عبد الله حسن احمد | E45: ادارة تطوير الاعمال | F45: التخليص الجمركي | G45: الحادية عشر | K45: ذكر | L45: موظف | N45: ولاية البحر الأحمر | O45: منتدب | P45: الادارة العامة للموارد البشرية | Q45: 44906 | R45: =EDATE(Q45, 24) -> 45637 | S45: 45643 | T45: 4 | U45: =T45*12 -> 48 | V45: =EDATE(S45,U45) -> 47104 | W45: =V45-TODAY() -> 956 | X45: =DATEDIF(Q45, TODAY(), "Y") -> 3 | Y45: خاص | Z45: خارجي | AA45: الشركة | AE45: =IF(V45<TODAY(),"منتهي",IF(V45-TODAY()>=30,"ساري","ينتهي قريباً")) -> ساري
A46: 44 | B46: صف ضابط | C46: رقيب اول شرطة | D46: عبد الرحمن حمد النيل احمد | E46: ادارة الشئون الادارية | F46: الدعم اللوجستي | G46: الحادية عشر | K46: ذكر | L46: سائق | N46: ولاية الخرطوم | O46: منتدب | P46: المكتب التنفيذي للرئاسة | Q46: 44957 | R46: =EDATE(Q46, 24) -> 45688 | S46: 45643 | T46: 4 | U46: =T46*12 -> 48 | V46: =EDATE(S46,U46) -> 47104 | W46: =V46-TODAY() -> 956 | X46: =DATEDIF(Q46, TODAY(), "Y") -> 3 | Y46: خاص | Z46: خارجي | AA46: الولايات | AE46: =IF(V46<TODAY(),"منتهي",IF(V46-TODAY()>=30,"ساري","ينتهي قريباً")) -> ساري
A47: 45 | B47: صف ضابط | C47: رقيب اول شرطة | D47: معتصم محمد عثمان ابراهيم | E47: ادارة الشئون الادارية | F47: الموارد البشرية | G47: الحادية عشر | K47: ذكر | L47: موظف | N47: ولاية الخرطوم | O47: منتدب | P47: الادارة العامة لتأمين منشأت النفط | Q47: 44972 | R47: =EDATE(Q47, 24) -> 45703 | S47: 45643 | T47: 4 | U47: =T47*12 -> 48 | V47: =EDATE(S47,U47) -> 47104 | W47: =V47-TODAY() -> 956 | X47: =DATEDIF(Q47, TODAY(), "Y") -> 3 | Y47: خاص | Z47: خارجي | AA47: الشركة | AB47: 11590117259 | AE47: =IF(V47<TODAY(),"منتهي",IF(V47-TODAY()>=30,"ساري","ينتهي قريباً")) -> ساري
A48: 46 | B48: صف ضابط | C48: رقيب اول شرطة | D48: اسامة ازهري سيد احمد محمد صالح | E48: الادارة الفنية | F48: المشاريع التقنية | G48: الحادية عشر | K48: ذكر | L48: موظف | M48: الجواز الالكتروني | N48: ولاية الخرطوم | O48: منتدب | P48: الادارة العامة للسجل المدني | Q48: 44987 | R48: =EDATE(Q48, 24) -> 45718 | S48: 45643 | T48: 4 | U48: =T48*12 -> 48 | V48: =EDATE(S48,U48) -> 47104 | W48: =V48-TODAY() -> 956 | X48: =DATEDIF(Q48, TODAY(), "Y") -> 3 | Y48: خاص | Z48: خارجي | AA48: الولايات | AB48: 11266995626 | AE48: =IF(V48<TODAY(),"منتهي",IF(V48-TODAY()>=30,"ساري","ينتهي قريباً")) -> ساري
A49: 47 | B49: صف ضابط | C49: رقيب اول شرطة | D49: جعفر ابو محمد جعفر ونتك | E49: الادارة الفنية | F49: المشاريع التقنية | G49: الحادية عشر | K49: ذكر | L49: موظف | M49: المرور | N49: ولاية كسلا | O49: منتدب | P49: رئاسة الشرطة | Q49: 44619 | R49: =EDATE(Q49, 24) -> 45349 | S49: 45643 | T49: 4 | U49: =T49*12 -> 48 | V49: =EDATE(S49,U49) -> 47104 | W49: =V49-TODAY() -> 956 | X49: =DATEDIF(Q49, TODAY(), "Y") -> 4 | Y49: خاص | Z49: خارجي | AA49: الولايات | AB49: 12012994134 | AE49: =IF(V49<TODAY(),"منتهي",IF(V49-TODAY()>=30,"ساري","ينتهي قريباً")) -> ساري
A50: 48 | B50: صف ضابط | C50: رقيب شرطة | D50: الشاذلي عثمان محمد علي | E50: ادارة الشئون الادارية | F50: الدعم اللوجستي | G50: الحادية عشر | K50: ذكر | L50: موظف | N50: ولاية الخرطوم | O50: منتدب | P50: شرطة ولاية الخرطوم | Q50: 44940 | R50: =EDATE(Q50, 24) -> 45671 | S50: 45643 | T50: 4 | U50: =T50*12 -> 48 | V50: =EDATE(S50,U50) -> 47104 | W50: =V50-TODAY() -> 956 | X50: =DATEDIF(Q50, TODAY(), "Y") -> 3 | Y50: خاص | Z50: خارجي | AA50: الولايات | AB50: 11597402924 | AE50: =IF(V50<TODAY(),"منتهي",IF(V50-TODAY()>=30,"ساري","ينتهي قريباً")) -> ساري
A51: 49 | B51: صف ضابط | C51: رقيب شرطة | D51: سالم الله جابو ادريس كافي | E51: ادارة الشئون الادارية | F51: الدعم اللوجستي | G51: الثانية عشر | K51: ذكر | L51: موظف | N51: ولاية الخرطوم | O51: منتدب | P51: الادارة العامة للسجل المدني | Q51: 44987 | R51: =EDATE(Q51, 24) -> 45718 | S51: 45643 | T51: 4 | U51: =T51*12 -> 48 | V51: =EDATE(S51,U51) -> 47104 | W51: =V51-TODAY() -> 956 | X51: =DATEDIF(Q51, TODAY(), "Y") -> 3 | Y51: خاص | Z51: خارجي | AA51: الولايات | AB51: 11588665015 | AE51: =IF(V51<TODAY(),"منتهي",IF(V51-TODAY()>=30,"ساري","ينتهي قريباً")) -> ساري
A52: 50 | B52: صف ضابط | C52: عريف شرطة | D52: عمر ابكر ملامي ابكر | E52: ادارة الشئون الادارية | F52: الدعم اللوجستي | G52: الثانية عشر | K52: ذكر | L52: موظف | N52: ولاية الخرطوم | O52: منتدب | P52: شرطة ولاية الخرطوم | Q52: 44940 | R52: =EDATE(Q52, 24) -> 45671 | S52: 45643 | T52: 4 | U52: =T52*12 -> 48 | V52: =EDATE(S52,U52) -> 47104 | W52: =V52-TODAY() -> 956 | X52: =DATEDIF(Q52, TODAY(), "Y") -> 3 | Y52: السكن (ب) | Z52: داخلي | AA52: الشركة | AE52: =IF(V52<TODAY(),"منتهي",IF(V52-TODAY()>=30,"ساري","ينتهي قريباً")) -> ساري
A53: 51 | B53: موظف | C53: موظف | D53: لؤي إبراهيم علي العربي | E53: الادارة الفنية | F53: المشروعات التقنية - المرور- الصيانة | J53: ناقص مستندات+ عقد | K53: ذكر | L53: موظف | N53: ولاية الخرطوم | O53: عقد عمل مسمى الاجل | Q53: 39524 | R53: =EDATE(Q53, 24) -> 40254 | S53: 45931 | T53: 1 | U53: =T53*12 -> 12 | V53: =EDATE(S53,U53) -> 46296 | W53: =V53-TODAY() -> 148 | X53: =DATEDIF(Q53, TODAY(), "Y") -> 18 | Y53: خاص | Z53: خارجي | AA53: الولايات | AE53: =IF(V53<TODAY(),"منتهي",IF(V53-TODAY()>=30,"ساري","ينتهي قريباً")) -> ساري
A54: 52 | B54: موظف | C54: نقيب شرطة (م) | D54: وليد عبدالله عبدالكريم الصديق | E54: الادارة الفنية | F54: المشروعات التقنية-المرور- الصيانة | J54: ناقص مستندات+عقد+شهادات | K54: ذكر | L54: رئيس قسم | N54: ولاية البحر الأحمر | O54: عقد عمل مسمى الاجل | Q54: 41913 | R54: =EDATE(Q54, 24) -> 42644 | S54: 45931 | T54: 1 | U54: =T54*12 -> 12 | V54: =EDATE(S54,U54) -> 46296 | W54: =V54-TODAY() -> 148 | X54: =DATEDIF(Q54, TODAY(), "Y") -> 11 | Y54: خاص | Z54: خارجي | AA54: الشركة | AE54: =IF(V54<TODAY(),"منتهي",IF(V54-TODAY()>=30,"ساري","ينتهي قريباً")) -> ساري
A55: 53 | B55: موظف | C55: موظف | D55: الحسن أحمد محمد عمر | E55: ادارة الشئون الادارية | F55: الدعم اللوجستي | J55: ناقص مستندات+عقد+شهادات | K55: ذكر | L55: سائق | N55: ولاية الخرطوم | O55: عقد عمل مسمى الاجل | Q55: 44726 | R55: =EDATE(Q55, 24) -> 45457 | S55: 45931 | T55: 1 | U55: =T55*12 -> 12 | V55: =EDATE(S55,U55) -> 46296 | W55: =V55-TODAY() -> 148 | X55: =DATEDIF(Q55, TODAY(), "Y") -> 3 | Y55: خاص | Z55: خارجي | AA55: الولايات | AE55: =IF(V55<TODAY(),"منتهي",IF(V55-TODAY()>=30,"ساري","ينتهي قريباً")) -> ساري
A56: 54 | B56: موظف | C56: نقيب شرطة (م) | D56: مبشر سيد احمد ابراهيم | E56: ادارة الشئون الادارية | J56: ناقص مستندات+عقد+ شهادات | K56: ذكر | L56: رئيس قسم | N56: ولاية الخرطوم | O56: عقد عمل مسمى الاجل | Q56: 44929 | R56: =EDATE(Q56, 24) -> 45660 | S56: 45660 | T56: 1 | U56: =T56*12 -> 12 | V56: =EDATE(S56,U56) -> 46025 | W56: =V56-TODAY() -> -123 | X56: =DATEDIF(Q56, TODAY(), "Y") -> 3 | Y56: خاص | Z56: خارجي | AA56: الولايات | AE56: =IF(V56<TODAY(),"منتهي",IF(V56-TODAY()>=30,"ساري","ينتهي قريباً")) -> منتهي
A57: 55 | B57: موظف | C57: موظف | D57: احمد عمر صديق احمد | E57: الادارة الفنية | F57: المشروعات التقنية | J57: مكتمل | K57: ذكر | L57: موظف | M57: الجواز الالكتروني | N57: ولاية البحر الأحمر | O57: عقد عمل خاص | Q57: 44971 | R57: =EDATE(Q57, 24) -> 45702 | S57: 45702 | T57: 1 | U57: =T57*12 -> 12 | V57: =EDATE(S57,U57) -> 46067 | W57: =V57-TODAY() -> -81 | X57: =DATEDIF(Q57, TODAY(), "Y") -> 3 | Y57: خاص | Z57: خارجي | AA57: الشركة | AB57: 11931528476 | AD57: 181637.28 | AE57: =IF(V57<TODAY(),"منتهي",IF(V57-TODAY()>=30,"ساري","ينتهي قريباً")) -> منتهي
A58: 56 | B58: موظف | C58: موظف | D58: محمد عبد الرحمن أحمد الماحي | E58: الادارة الفنية | F58: المشروعات التقنية | J58: ناقص مستندات+شهادات اكاديمية | K58: ذكر | L58: موظف | M58: المرور | N58: ولاية الخرطوم | O58: عقد عمل خاص | Q58: 44977 | R58: =EDATE(Q58, 24) -> 45708 | S58: 45708 | T58: 1 | U58: =T58*12 -> 12 | V58: =EDATE(S58,U58) -> 46073 | W58: =V58-TODAY() -> -75 | X58: =DATEDIF(Q58, TODAY(), "Y") -> 3 | Y58: السكن (ج) | Z58: داخلي | AA58: الشركة | AD58: 232784.25 | AE58: =IF(V58<TODAY(),"منتهي",IF(V58-TODAY()>=30,"ساري","ينتهي قريباً")) -> منتهي
A59: 58 | B59: موظف | C59: موظف | D59: امجد عبد الحليم احمد عبد الله | E59: الادارة الفنية | F59: الصيانة الجوازت | J59: ناقص مستندات+ شهادة اكاديمية | K59: ذكر | L59: موظف | N59: ولاية نهر النيل | O59: عقد عمل خاص | Q59: 44979 | R59: =EDATE(Q59, 24) -> 45710 | S59: 45708 | T59: 1 | U59: =T59*12 -> 12 | V59: =EDATE(S59,U59) -> 46073 | W59: =V59-TODAY() -> -75 | X59: =DATEDIF(Q59, TODAY(), "Y") -> 3 | Y59: خاص | Z59: خارجي | AA59: الولايات | AD59: 219323.49 | AE59: =IF(V59<TODAY(),"منتهي",IF(V59-TODAY()>=30,"ساري","ينتهي قريباً")) -> منتهي
A60: 59 | B60: موظف | C60: موظف | D60: امين محمد عبد الله ابراهيم | E60: الادارة الفنية | F60: الصيانة الجوازت | J60: ناقص شهادة اكاديمية | K60: ذكر | L60: موظف | N60: ولاية نهر النيل | O60: عقد عمل خاص | Q60: 44979 | R60: =EDATE(Q60, 24) -> 45710 | S60: 45710 | T60: 1 | U60: =T60*12 -> 12 | V60: =EDATE(S60,U60) -> 46075 | W60: =V60-TODAY() -> -73 | X60: =DATEDIF(Q60, TODAY(), "Y") -> 3 | Y60: خاص | Z60: خارجي | AA60: الولايات | AB60: 1156356333 | AD60: 204325.17 | AE60: =IF(V60<TODAY(),"منتهي",IF(V60-TODAY()>=30,"ساري","ينتهي قريباً")) -> منتهي
A61: 60 | B61: موظف | C61: موظف | D61: احمد محمد موسى مدني | E61: الادارة الفنية | F61: المشروعات التقنية | J61: مكتمل | K61: ذكر | L61: موظف | M61: المرور | N61: ولاية الخرطوم | O61: عقد عمل خاص | Q61: 44979 | R61: =EDATE(Q61, 24) -> 45710 | S61: 45710 | T61: 1 | U61: =T61*12 -> 12 | V61: =EDATE(S61,U61) -> 46075 | W61: =V61-TODAY() -> -73 | X61: =DATEDIF(Q61, TODAY(), "Y") -> 3 | Y61: السكن (ج) | Z61: داخلي | AA61: الشركة | AB61: 12017272389 | AD61: 227389.66 | AE61: =IF(V61<TODAY(),"منتهي",IF(V61-TODAY()>=30,"ساري","ينتهي قريباً")) -> منتهي
A62: 61 | B62: موظف | C62: موظف | D62: عز الدين بدوي الشيخ يوسف | E62: ادارة الشئون الادارية | K62: ذكر | L62: سائق | N62: ولاية الخرطوم | O62: عقد عمل خاص | Q62: 44986 | R62: =EDATE(Q62, 24) -> 45717 | S62: 45717 | T62: 1 | U62: =T62*12 -> 12 | V62: =EDATE(S62,U62) -> 46082 | W62: =V62-TODAY() -> -66 | X62: =DATEDIF(Q62, TODAY(), "Y") -> 3 | Y62: خاص | Z62: خارجي | AA62: الولايات | AB62: 12034846622 | AE62: =IF(V62<TODAY(),"منتهي",IF(V62-TODAY()>=30,"ساري","ينتهي قريباً")) -> منتهي
A63: 62 | B63: موظف | C63: موظف | D63: معاذ صالح ادريس ابراهيم | E63: ادارة الشئون الادارية | F63: الدعم اللوجستي | J63: مستندات +شهادات اكاديمية | K63: ذكر | L63: عامل | N63: ولاية الخرطوم | O63: عقد عمل خاص | Q63: 44986 | R63: =EDATE(Q63, 24) -> 45717 | S63: 45717 | T63: 1 | U63: =T63*12 -> 12 | V63: =EDATE(S63,U63) -> 46082 | W63: =V63-TODAY() -> -66 | X63: =DATEDIF(Q63, TODAY(), "Y") -> 3 | Y63: خاص | Z63: خارجي | AA63: الولايات | AB63: 12041513742 | AE63: =IF(V63<TODAY(),"منتهي",IF(V63-TODAY()>=30,"ساري","ينتهي قريباً")) -> منتهي
A64: 63 | B64: موظف | C64: موظف | D64: فتحي عيسى ادم محمد | E64: ادارة الشئون الادارية | F64: الدعم اللوجستي | J64: مكتمل | K64: ذكر | L64: سائق | N64: ولاية البحر الأحمر | O64: عقد عمل خاص | Q64: 44986 | R64: =EDATE(Q64, 24) -> 45717 | S64: 45717 | T64: 1 | U64: =T64*12 -> 12 | V64: =EDATE(S64,U64) -> 46082 | W64: =V64-TODAY() -> -66 | X64: =DATEDIF(Q64, TODAY(), "Y") -> 3 | Y64: السكن (ب) | Z64: داخلي | AA64: الشركة | AB64: 11281889589 | AE64: =IF(V64<TODAY(),"منتهي",IF(V64-TODAY()>=30,"ساري","ينتهي قريباً")) -> منتهي
A65: 64 | B65: موظف | C65: موظف | D65: سمير الشيخ ادريس صالح | E65: ادارة الشئون الادارية | F65: الدعم اللوجستي | J65: ناقص شهادات اكاديمية | K65: ذكر | L65: سائق | N65: ولاية الخرطوم | O65: عقد عمل خاص | Q65: 44986 | R65: =EDATE(Q65, 24) -> 45717 | S65: 45717 | T65: 1 | U65: =T65*12 -> 12 | V65: =EDATE(S65,U65) -> 46082 | W65: =V65-TODAY() -> -66 | X65: =DATEDIF(Q65, TODAY(), "Y") -> 3 | Y65: خاص | Z65: خارجي | AA65: الشركة | AB65: 19432394340 | AD65: 142745.11 | AE65: =IF(V65<TODAY(),"منتهي",IF(V65-TODAY()>=30,"ساري","ينتهي قريباً")) -> منتهي
A66: 65 | B66: موظف | C66: موظف | D66: عمر الطيب عبد الرحيم الشيخ | E66: ادارة الشئون الادارية | F66: الدعم اللوجستي | J66: مستندات +شهادات اكاديمية+تبويب | K66: ذكر | L66: سائق | N66: ولاية الخرطوم | O66: عقد عمل خاص | Q66: 44986 | R66: =EDATE(Q66, 24) -> 45717 | S66: 45717 | T66: 1 | U66: =T66*12 -> 12 | V66: =EDATE(S66,U66) -> 46082 | W66: =V66-TODAY() -> -66 | X66: =DATEDIF(Q66, TODAY(), "Y") -> 3 | Y66: خاص | Z66: خارجي | AA66: الولايات | AB66: 10200101761 | AE66: =IF(V66<TODAY(),"منتهي",IF(V66-TODAY()>=30,"ساري","ينتهي قريباً")) -> منتهي
A67: 66 | B67: موظف | C67: موظف | D67: عبد القادر سبت عبد القادر بخيت | E67: ادارة الشئون الادارية | F67: الدعم اللوجستي | J67: ناقص مستندات +شهادات اكاديمية+عقد | K67: ذكر | L67: سائق | N67: ولاية الخرطوم | O67: عقد عمل خاص | Q67: 44986 | R67: =EDATE(Q67, 24) -> 45717 | S67: 45717 | T67: 1 | U67: =T67*12 -> 12 | V67: =EDATE(S67,U67) -> 46082 | W67: =V67-TODAY() -> -66 | X67: =DATEDIF(Q67, TODAY(), "Y") -> 3 | Y67: خاص | Z67: خارجي | AA67: الشركة | AB67: 12080415268 | AE67: =IF(V67<TODAY(),"منتهي",IF(V67-TODAY()>=30,"ساري","ينتهي قريباً")) -> منتهي
A68: 67 | B68: موظف | C68: موظف | D68: تاج السر احمد خضر سعيد | E68: ادارة الشئون الادارية | K68: ذكر | L68: عامل | N68: ولاية الخرطوم | O68: عقد عمل خاص | Q68: 44986 | R68: =EDATE(Q68, 24) -> 45717 | S68: 45717 | T68: 1 | U68: =T68*12 -> 12 | V68: =EDATE(S68,U68) -> 46082 | W68: =V68-TODAY() -> -66 | X68: =DATEDIF(Q68, TODAY(), "Y") -> 3 | Y68: خاص | Z68: خارجي | AA68: الولايات | AE68: =IF(V68<TODAY(),"منتهي",IF(V68-TODAY()>=30,"ساري","ينتهي قريباً")) -> منتهي
A69: 68 | B69: موظف | C69: موظف | D69: انتصار علي كوري عبد الله | E69: ادارة الشئون الادارية | K69: انثي | L69: عامل | N69: ولاية الخرطوم | O69: عقد عمل خاص | Q69: 44986 | R69: =EDATE(Q69, 24) -> 45717 | S69: 45717 | T69: 1 | U69: =T69*12 -> 12 | V69: =EDATE(S69,U69) -> 46082 | W69: =V69-TODAY() -> -66 | X69: =DATEDIF(Q69, TODAY(), "Y") -> 3 | Y69: خاص | Z69: خارجي | AA69: الولايات | AE69: =IF(V69<TODAY(),"منتهي",IF(V69-TODAY()>=30,"ساري","ينتهي قريباً")) -> منتهي
A70: 69 | B70: موظف | C70: موظف | D70: وائل امام محمد التوم | E70: ادارة الشئون الادارية | F70: الدعم اللوجستي | J70: مستندات+شهادات اكاديمية | K70: ذكر | L70: موظف | N70: ولاية الخرطوم | O70: عقد عمل خاص | Q70: 44986 | R70: =EDATE(Q70, 24) -> 45717 | S70: 45717 | T70: 1 | U70: =T70*12 -> 12 | V70: =EDATE(S70,U70) -> 46082 | W70: =V70-TODAY() -> -66 | X70: =DATEDIF(Q70, TODAY(), "Y") -> 3 | Y70: خاص | Z70: خارجي | AA70: الولايات | AE70: =IF(V70<TODAY(),"منتهي",IF(V70-TODAY()>=30,"ساري","ينتهي قريباً")) -> منتهي
A71: 70 | B71: موظف | C71: موظف | D71: عمر محمد ادريس بابكر | E71: ادارة الشئون الادارية | F71: الدعم اللوجستي | J71: ناقص مستندات+شهادات اكاديمية | K71: ذكر | L71: عامل | N71: ولاية الخرطوم | O71: عقد عمل خاص | Q71: 44986 | R71: =EDATE(Q71, 24) -> 45717 | S71: 45717 | T71: 1 | U71: =T71*12 -> 12 | V71: =EDATE(S71,U71) -> 46082 | W71: =V71-TODAY() -> -66 | X71: =DATEDIF(Q71, TODAY(), "Y") -> 3 | Y71: خاص | Z71: خارجي | AA71: الولايات | AE71: =IF(V71<TODAY(),"منتهي",IF(V71-TODAY()>=30,"ساري","ينتهي قريباً")) -> منتهي
A72: 71 | B72: موظف | C72: موظف | D72: محمد خلف الله عمر عوض | E72: المكتب التنفيذي | F72: السكرتارية | J72: ناقص مستندات +شهادات اكاديمية | K72: ذكر | L72: عامل | N72: ولاية الخرطوم | O72: عقد عمل خاص | Q72: 44986 | R72: =EDATE(Q72, 24) -> 45717 | S72: 45717 | T72: 1 | U72: =T72*12 -> 12 | V72: =EDATE(S72,U72) -> 46082 | W72: =V72-TODAY() -> -66 | X72: =DATEDIF(Q72, TODAY(), "Y") -> 3 | Y72: السكن (ب) | Z72: داخلي | AA72: الشركة | AB72: 11925026645 | AD72: 153173.96 | AE72: =IF(V72<TODAY(),"منتهي",IF(V72-TODAY()>=30,"ساري","ينتهي قريباً")) -> منتهي
A73: 72 | B73: موظف | C73: موظف | D73: عبد الله عثمان محمد علي | E73: ادارة الشئون الادارية | J73: ناقص شهادات اكاديمية | K73: ذكر | L73: عامل | N73: ولاية البحر الأحمر | O73: عقد عمل خاص | Q73: 44986 | R73: =EDATE(Q73, 24) -> 45717 | S73: 45717 | T73: 1 | U73: =T73*12 -> 12 | V73: =EDATE(S73,U73) -> 46082 | W73: =V73-TODAY() -> -66 | X73: =DATEDIF(Q73, TODAY(), "Y") -> 3 | Y73: السكن (ج) | Z73: داخلي | AA73: الشركة | AB73: 11531698492 | AE73: =IF(V73<TODAY(),"منتهي",IF(V73-TODAY()>=30,"ساري","ينتهي قريباً")) -> منتهي
A74: 73 | B74: موظف | C74: موظف | D74: محمد أحمد الطيب يس | E74: الادارة الفنية | F74: المشروعات التقنية | J74: ناقص مستندات+شهادات اكاديمية | K74: ذكر | L74: موظف | M74: ايصالات الشرطة | N74: ولاية الخرطوم | O74: عقد عمل خاص | Q74: 44992 | R74: =EDATE(Q74, 24) -> 45723 | S74: 45723 | T74: 1 | U74: =T74*12 -> 12 | V74: =EDATE(S74,U74) -> 46088 | W74: =V74-TODAY() -> -60 | X74: =DATEDIF(Q74, TODAY(), "Y") -> 3 | Y74: السكن (ج) | Z74: داخلي | AA74: الشركة | AD74: 161109.76 | AE74: =IF(V74<TODAY(),"منتهي",IF(V74-TODAY()>=30,"ساري","ينتهي قريباً")) -> منتهي
A75: 74 | B75: موظف | C75: موظف | D75: محمد الحسن صلاح محمود الشناوي | E75: الادارة الفنية | F75: المشروعات التقنية | J75: ناقص مستندات+شهادات اكاديمية | K75: ذكر | L75: موظف | M75: ايصالي | N75: ولاية البحر الأحمر | O75: عقد عمل خاص | Q75: 44992 | R75: =EDATE(Q75, 24) -> 45723 | S75: 45723 | T75: 1 | U75: =T75*12 -> 12 | V75: =EDATE(S75,U75) -> 46088 | W75: =V75-TODAY() -> -60 | X75: =DATEDIF(Q75, TODAY(), "Y") -> 3 | Y75: خاص | Z75: خارجي | AA75: الشركة | AD75: 161109.76 | AE75: =IF(V75<TODAY(),"منتهي",IF(V75-TODAY()>=30,"ساري","ينتهي قريباً")) -> منتهي
A76: 75 | B76: موظف | C76: موظف | D76: عمر بابكر الامين الدرديري | E76: الادارة الفنية | F76: ict | J76: ناقص شهادات اكاديمية | K76: ذكر | L76: موظف | N76: ولاية الخرطوم | O76: عقد عمل خاص | Q76: 44993 | R76: =EDATE(Q76, 24) -> 45724 | S76: 45724 | T76: 1 | U76: =T76*12 -> 12 | V76: =EDATE(S76,U76) -> 46089 | W76: =V76-TODAY() -> -59 | X76: =DATEDIF(Q76, TODAY(), "Y") -> 3 | Y76: خاص | Z76: خارجي | AA76: الولايات | AB76: 11968397636 | AD76: 254089.73 | AE76: =IF(V76<TODAY(),"منتهي",IF(V76-TODAY()>=30,"ساري","ينتهي قريباً")) -> منتهي
A77: 76 | B77: موظف | C77: موظف | D77: داؤود حسين سليمان علي | E77: الادارة الفنية | F77: ict | J77: مكتمل | K77: ذكر | L77: موظف | N77: ولاية الخرطوم | O77: عقد عمل خاص | Q77: 44993 | R77: =EDATE(Q77, 24) -> 45724 | S77: 45724 | T77: 1 | U77: =T77*12 -> 12 | V77: =EDATE(S77,U77) -> 46089 | W77: =V77-TODAY() -> -59 | X77: =DATEDIF(Q77, TODAY(), "Y") -> 3 | Y77: السكن (ب) | Z77: داخلي | AA77: الشركة | AB77: 11292678353 | AD77: 232784.25 | AE77: =IF(V77<TODAY(),"منتهي",IF(V77-TODAY()>=30,"ساري","ينتهي قريباً")) -> منتهي
A78: 77 | B78: موظف | C78: موظف | D78: علي محمد عبد الكريم حمدان | E78: ادارة الشئون المالية | F78: الحسابات | J78: مكتمل | K78: ذكر | L78: موظف | N78: ولاية البحر الأحمر | O78: عقد عمل خاص | Q78: 44997 | R78: =EDATE(Q78, 24) -> 45728 | S78: 45728 | T78: 1 | U78: =T78*12 -> 12 | V78: =EDATE(S78,U78) -> 46093 | W78: =V78-TODAY() -> -55 | X78: =DATEDIF(Q78, TODAY(), "Y") -> 3 | Y78: خاص | Z78: خارجي | AA78: الشركة | AB78: 17874838855 | AD78: 206749.69 | AE78: =IF(V78<TODAY(),"منتهي",IF(V78-TODAY()>=30,"ساري","ينتهي قريباً")) -> منتهي
A79: 78 | B79: موظف | C79: موظف | D79: سامي عبد القادر صالح حسن | E79: الادارة الفنية | F79: الصيانة الجوازت | J79: ناقص مستندات+شهادات اكاديمية | K79: ذكر | L79: موظف | N79: ولاية الخرطوم | O79: عقد عمل خاص | Q79: 44997 | R79: =EDATE(Q79, 24) -> 45728 | S79: 45728 | T79: 1 | U79: =T79*12 -> 12 | V79: =EDATE(S79,U79) -> 46093 | W79: =V79-TODAY() -> -55 | X79: =DATEDIF(Q79, TODAY(), "Y") -> 3 | Y79: السكن (ب) | Z79: داخلي | AA79: الشركة | AD79: 219323.49 | AE79: =IF(V79<TODAY(),"منتهي",IF(V79-TODAY()>=30,"ساري","ينتهي قريباً")) -> منتهي
A80: 79 | B80: موظف | C80: موظف | D80: محمد تاج الدين خضر الجزولي | E80: الادارة الفنية | F80: المشروعات التقنية | J80: ناقص عقد | K80: ذكر | L80: موظف | M80: المرور | N80: ولاية البحر الأحمر | O80: عقد عمل خاص | Q80: 45001 | R80: =EDATE(Q80, 24) -> 45732 | S80: 45732 | T80: 1 | U80: =T80*12 -> 12 | V80: =EDATE(S80,U80) -> 46097 | W80: =V80-TODAY() -> -51 | X80: =DATEDIF(Q80, TODAY(), "Y") -> 3 | Y80: خاص | Z80: خارجي | AA80: الولايات | AB80: 11995513391 | AD80: 161109.76 | AE80: =IF(V80<TODAY(),"منتهي",IF(V80-TODAY()>=30,"ساري","ينتهي قريباً")) -> منتهي
A81: 80 | B81: موظف | C81: موظف | D81: محمد الطاهر علي محمد | E81: ادارة الشئون المالية | F81: المخازن | J81: ناقص مستندات+شهادات اكاديمية | K81: ذكر | L81: موظف | N81: ولاية الخرطوم | O81: عقد عمل خاص | Q81: 45025 | R81: =EDATE(Q81, 24) -> 45756 | S81: 45756 | T81: 1 | U81: =T81*12 -> 12 | V81: =EDATE(S81,U81) -> 46121 | W81: =V81-TODAY() -> -27 | X81: =DATEDIF(Q81, TODAY(), "Y") -> 3 | Y81: خاص | Z81: خارجي | AA81: الولايات | AB81: 20497831020 | AD81: 161109.76 | AE81: =IF(V81<TODAY(),"منتهي",IF(V81-TODAY()>=30,"ساري","ينتهي قريباً")) -> منتهي
A82: 81 | B82: موظف | C82: موظف | D82: يحي محمد محجوب عوض الله | E82: الادارة الفنية | J82: شهادات اكاديمية | K82: ذكر | L82: موظف | N82: ولاية الخرطوم | O82: عقد عمل خاص | Q82: 45092 | R82: =EDATE(Q82, 24) -> 45823 | S82: 45823 | T82: 1 | U82: =T82*12 -> 12 | V82: =EDATE(S82,U82) -> 46188 | W82: =V82-TODAY() -> 40 | X82: =DATEDIF(Q82, TODAY(), "Y") -> 2 | Y82: السكن (ب) | Z82: داخلي | AA82: الشركة | AB82: 12016530387 | AD82: 222000.36 | AE82: =IF(V82<TODAY(),"منتهي",IF(V82-TODAY()>=30,"ساري","ينتهي قريباً")) -> ساري
A83: 82 | B83: موظف | C83: موظف | D83: محمد معتصم هاشم احمد | E83: الادارة الفنية | F83: المشروعات التقنية | J83: ناقص مستندات+شهادات | K83: ذكر | L83: موظف | M83: البوابة الالكترونية | N83: ولاية الخرطوم | O83: عقد عمل خاص | Q83: 45095 | R83: =EDATE(Q83, 24) -> 45826 | S83: 45826 | T83: 1 | U83: =T83*12 -> 12 | V83: =EDATE(S83,U83) -> 46191 | W83: =V83-TODAY() -> 43 | X83: =DATEDIF(Q83, TODAY(), "Y") -> 2 | Y83: السكن (ج) | Z83: داخلي | AA83: الشركة | AD83: 182036.9 | AE83: =IF(V83<TODAY(),"منتهي",IF(V83-TODAY()>=30,"ساري","ينتهي قريباً")) -> ساري
A84: 83 | B84: موظف | C84: موظف | D84: جهاد العطا فضل الله فرح | E84: الادارة الفنية | F84: المشروعات التقنية | J84: ناقص مستندات+ شهادات | K84: ذكر | L84: موظف | M84: المرور | N84: ولاية الخرطوم | O84: عقد عمل خاص | Q84: 45095 | R84: =EDATE(Q84, 24) -> 45826 | S84: 45826 | T84: 1 | U84: =T84*12 -> 12 | V84: =EDATE(S84,U84) -> 46191 | W84: =V84-TODAY() -> 43 | X84: =DATEDIF(Q84, TODAY(), "Y") -> 2 | Y84: السكن (ج) | Z84: داخلي | AA84: الشركة | AB84: 11478281799 | AD84: 211641.44 | AE84: =IF(V84<TODAY(),"منتهي",IF(V84-TODAY()>=30,"ساري","ينتهي قريباً")) -> ساري
A85: 84 | B85: موظف | C85: موظف | D85: ياسر سيد احمد منصور | E85: ادارة تطوير الاعمال | F85: المشروعات التقنية | J85: ناقص مستندات+عقد+شهادات | K85: ذكر | L85: موظف | M85: الجواز الالكتروني | N85: ولاية البحر الأحمر | O85: عقد عمل خاص | Q85: 45153 | R85: =EDATE(Q85, 24) -> 45884 | S85: 45884 | T85: 1 | U85: =T85*12 -> 12 | V85: =EDATE(S85,U85) -> 46249 | W85: =V85-TODAY() -> 101 | X85: =DATEDIF(Q85, TODAY(), "Y") -> 2 | Y85: خاص | Z85: خارجي | AA85: الشركة | AE85: =IF(V85<TODAY(),"منتهي",IF(V85-TODAY()>=30,"ساري","ينتهي قريباً")) -> ساري
A86: 85 | B86: موظف | C86: موظف | D86: يوسف عباس محجوب احمد | E86: الادارة الفنية | F86: ict | J86: ناقص مستندات + عقد+ شهادات | K86: ذكر | L86: موظف | N86: ولاية الخرطوم | O86: عقد عمل خاص | Q86: 45167 | R86: =EDATE(Q86, 24) -> 45898 | S86: 45898 | T86: 1 | U86: =T86*12 -> 12 | V86: =EDATE(S86,U86) -> 46263 | W86: =V86-TODAY() -> 115 | X86: =DATEDIF(Q86, TODAY(), "Y") -> 2 | Y86: السكن (د) | Z86: داخلي | AA86: الولايات | AE86: =IF(V86<TODAY(),"منتهي",IF(V86-TODAY()>=30,"ساري","ينتهي قريباً")) -> ساري
A87: 86 | B87: موظف | C87: موظف | D87: غسان التاج ابراهيم عبدالرحمن | E87: الادارة الفنية | F87: ict | J87: ناقص مستندات+عقد+شهادات | K87: ذكر | L87: موظف | N87: ولاية البحر الأحمر | O87: عقد عمل خاص | Q87: 45167 | R87: =EDATE(Q87, 24) -> 45898 | S87: 45898 | T87: 1 | U87: =T87*12 -> 12 | V87: =EDATE(S87,U87) -> 46263 | W87: =V87-TODAY() -> 115 | X87: =DATEDIF(Q87, TODAY(), "Y") -> 2 | Y87: خاص | Z87: خارجي | AA87: الشركة | AE87: =IF(V87<TODAY(),"منتهي",IF(V87-TODAY()>=30,"ساري","ينتهي قريباً")) -> ساري
A88: 87 | B88: موظف | C88: موظف | D88: ايمان عبدالرحمن سيد احمد | E88: الادارة الفنية | F88: المشروعات التقنية | J88: ناقص مستندات+عقد+شهادات | K88: انثي | L88: موظف | M88: المرور | N88: الولاية الشمالية | O88: عقد عمل خاص | Q88: 45190 | R88: =EDATE(Q88, 24) -> 45921 | S88: 45921 | T88: 1 | U88: =T88*12 -> 12 | V88: =EDATE(S88,U88) -> 46286 | W88: =V88-TODAY() -> 138 | X88: =DATEDIF(Q88, TODAY(), "Y") -> 2 | Y88: خاص | Z88: خارجي | AA88: الولايات | AE88: =IF(V88<TODAY(),"منتهي",IF(V88-TODAY()>=30,"ساري","ينتهي قريباً")) -> ساري
A89: 88 | B89: موظف | C89: موظف | D89: سامح محمد عثمان محمد | E89: الادارة الفنية | F89: المشروعات التقنية | J89: ناقص مستندات+عقد | K89: ذكر | L89: موظف | M89: ايصالي | N89: ولاية البحر الأحمر | O89: عقد عمل خاص | Q89: 45199 | R89: =EDATE(Q89, 24) -> 45930 | S89: 45930 | T89: 1 | U89: =T89*12 -> 12 | V89: =EDATE(S89,U89) -> 46295 | W89: =V89-TODAY() -> 147 | X89: =DATEDIF(Q89, TODAY(), "Y") -> 2 | Y89: خاص | Z89: خارجي | AA89: الشركة | AE89: =IF(V89<TODAY(),"منتهي",IF(V89-TODAY()>=30,"ساري","ينتهي قريباً")) -> ساري
A90: 89 | B90: موظف | C90: موظف | D90: ياسر عبدالعليم محمد عبدالعليم | E90: الادارة الفنية | F90: المشروعات التقنية | J90: ناقص مستندات+عقد+شهادات | K90: ذكر | L90: موظف | M90: الجواز الالكتروني | N90: ولاية سنار | O90: عقد عمل خاص | Q90: 45202 | R90: =EDATE(Q90, 24) -> 45933 | S90: 45933 | T90: 1 | U90: =T90*12 -> 12 | V90: =EDATE(S90,U90) -> 46298 | W90: =V90-TODAY() -> 150 | X90: =DATEDIF(Q90, TODAY(), "Y") -> 2 | Y90: خاص | Z90: خارجي | AA90: الولايات | AB90: 11880417206 | AE90: =IF(V90<TODAY(),"منتهي",IF(V90-TODAY()>=30,"ساري","ينتهي قريباً")) -> ساري
A91: 90 | B91: موظف | C91: موظف | D91: محمد نورالدين خضر مصطفي | E91: الادارة الفنية | F91: المشروعات التقنية | J91: ناقص مستندات + عقد | K91: ذكر | L91: موظف | M91: الجواز الالكتروني | N91: ولاية الخرطوم | O91: عقد عمل خاص | Q91: 45211 | R91: =EDATE(Q91, 24) -> 45942 | S91: 45942 | T91: 1 | U91: =T91*12 -> 12 | V91: =EDATE(S91,U91) -> 46307 | W91: =V91-TODAY() -> 159 | X91: =DATEDIF(Q91, TODAY(), "Y") -> 2 | Y91: خاص | Z91: خارجي | AA91: الولايات | AE91: =IF(V91<TODAY(),"منتهي",IF(V91-TODAY()>=30,"ساري","ينتهي قريباً")) -> ساري
A92: 91 | B92: موظف | C92: موظف | D92: محمد سيف الدين محمد ابوزيد | E92: الادارة الفنية | F92: المشروعات التقنية | J92: ناقص مستندات+عقد+شهادات | K92: ذكر | L92: موظف | M92: الجواز الالكتروني | N92: ولاية نهر النيل | O92: عقد عمل خاص | Q92: 45211 | R92: =EDATE(Q92, 24) -> 45942 | S92: 45942 | T92: 1 | U92: =T92*12 -> 12 | V92: =EDATE(S92,U92) -> 46307 | W92: =V92-TODAY() -> 159 | X92: =DATEDIF(Q92, TODAY(), "Y") -> 2 | Y92: خاص | Z92: خارجي | AA92: الولايات | AB92: 11937793998 | AE92: =IF(V92<TODAY(),"منتهي",IF(V92-TODAY()>=30,"ساري","ينتهي قريباً")) -> ساري
A93: 92 | B93: موظف | C93: موظف | D93: محمد عبد العزيز جعفر أحمد | E93: الادارة الفنية | F93: المشروعات التقنية | J93: ناقص مستندات+شهادات | K93: ذكر | L93: موظف | M93: السجل المدني / البصمة الجنائية | N93: ولاية الخرطوم | O93: عقد عمل خاص | Q93: 45242 | R93: =EDATE(Q93, 24) -> 45973 | S93: 45973 | T93: 1 | U93: =T93*12 -> 12 | V93: =EDATE(S93,U93) -> 46338 | W93: =V93-TODAY() -> 190 | X93: =DATEDIF(Q93, TODAY(), "Y") -> 2 | Y93: السكن (ب) | Z93: داخلي | AA93: الشركة | AE93: =IF(V93<TODAY(),"منتهي",IF(V93-TODAY()>=30,"ساري","ينتهي قريباً")) -> ساري
A94: 93 | B94: موظف | C94: موظف | D94: فخرالدين بشير محمد أحمد | E94: الادارة الفنية | F94: الصيانة الجوازت | J94: ناقص شهادات اكاديمية | K94: ذكر | L94: موظف | N94: ولاية الخرطوم | O94: عقد عمل خاص | Q94: 45251 | R94: =EDATE(Q94, 24) -> 45982 | S94: 45982 | T94: 1 | U94: =T94*12 -> 12 | V94: =EDATE(S94,U94) -> 46347 | W94: =V94-TODAY() -> 199 | X94: =DATEDIF(Q94, TODAY(), "Y") -> 2 | Y94: السكن (ب) | Z94: داخلي | AA94: الشركة | AB94: 11949143238 | AE94: =IF(V94<TODAY(),"منتهي",IF(V94-TODAY()>=30,"ساري","ينتهي قريباً")) -> ساري
A95: 94 | B95: موظف | C95: موظف | D95: عمر عبدالرحمن محمد عبداللطيف | E95: الادارة الفنية | F95: المشروعات التقنية | J95: ناقص مستندات | K95: ذكر | L95: موظف | M95: المرور | N95: ولاية البحر الأحمر | O95: عقد عمل خاص | Q95: 45323 | R95: =EDATE(Q95, 24) -> 46054 | S95: 45689 | T95: 1 | U95: =T95*12 -> 12 | V95: =EDATE(S95,U95) -> 46054 | W95: =V95-TODAY() -> -94 | X95: =DATEDIF(Q95, TODAY(), "Y") -> 2 | Y95: خاص | Z95: خارجي | AA95: الشركة | AE95: =IF(V95<TODAY(),"منتهي",IF(V95-TODAY()>=30,"ساري","ينتهي قريباً")) -> منتهي
A96: 95 | B96: موظف | C96: موظف | D96: سامي عزالدين محمد ابوعلامة | E96: الادارة الفنية | F96: المشروعات التقنية | J96: ناقص مستندات+شهادات | K96: ذكر | L96: موظف | M96: السجون | N96: ولاية الخرطوم | O96: عقد عمل خاص | Q96: 45323 | R96: =EDATE(Q96, 24) -> 46054 | S96: 45689 | T96: 1 | U96: =T96*12 -> 12 | V96: =EDATE(S96,U96) -> 46054 | W96: =V96-TODAY() -> -94 | X96: =DATEDIF(Q96, TODAY(), "Y") -> 2 | Y96: خاص | Z96: خارجي | AA96: الولايات | AB96: 11537735781 | AE96: =IF(V96<TODAY(),"منتهي",IF(V96-TODAY()>=30,"ساري","ينتهي قريباً")) -> منتهي
A97: 96 | B97: موظف | C97: موظف | D97: نادر محمد ضو ضو | E97: الادارة الفنية | F97: المشروعات التقنية | J97: ناقص مستندات+شهادات | K97: ذكر | L97: موظف | M97: الشئون الإدارية | N97: ولاية الخرطوم | O97: عقد عمل خاص | Q97: 45323 | R97: =EDATE(Q97, 24) -> 46054 | S97: 45689 | T97: 1 | U97: =T97*12 -> 12 | V97: =EDATE(S97,U97) -> 46054 | W97: =V97-TODAY() -> -94 | X97: =DATEDIF(Q97, TODAY(), "Y") -> 2 | Y97: خاص | Z97: خارجي | AA97: الولايات | AB97: 11991406729 | AE97: =IF(V97<TODAY(),"منتهي",IF(V97-TODAY()>=30,"ساري","ينتهي قريباً")) -> منتهي
A98: 97 | B98: موظف | C98: موظف | D98: المنتصر عبدالله حاج التوم | E98: الادارة الفنية | F98: المشروعات التقنية | J98: ناقص مستندات+ شهادات+عقد | K98: ذكر | L98: موظف | M98: السجل المدني / البصمة الجنائية | N98: ولاية الخرطوم | O98: عقد عمل خاص | Q98: 45342 | R98: =EDATE(Q98, 24) -> 46073 | S98: 45708 | T98: 1 | U98: =T98*12 -> 12 | V98: =EDATE(S98,U98) -> 46073 | W98: =V98-TODAY() -> -75 | X98: =DATEDIF(Q98, TODAY(), "Y") -> 2 | Y98: خاص | Z98: خارجي | AA98: الشركة | AB98: 11909591576 | AE98: =IF(V98<TODAY(),"منتهي",IF(V98-TODAY()>=30,"ساري","ينتهي قريباً")) -> منتهي
A99: 98 | B99: موظف | C99: موظف | D99: عبد الله مصطفي عبدالرحمن محمد | E99: ادارة تطوير الاعمال | J99: مستنادت +شهادات اكاديمية | K99: ذكر | L99: موظف | N99: ولاية الخرطوم | O99: عقد عمل خاص | Q99: 45369 | R99: =EDATE(Q99, 24) -> 46099 | S99: 45734 | T99: 1 | U99: =T99*12 -> 12 | V99: =EDATE(S99,U99) -> 46099 | W99: =V99-TODAY() -> -49 | X99: =DATEDIF(Q99, TODAY(), "Y") -> 2 | Y99: السكن (ب) | Z99: داخلي | AA99: الولايات | AE99: =IF(V99<TODAY(),"منتهي",IF(V99-TODAY()>=30,"ساري","ينتهي قريباً")) -> منتهي
A100: 99 | B100: موظف | C100: موظف | D100: ناصر الهادي بابكر محمد | E100: الادارة الفنية | J100: مكتمل | K100: ذكر | L100: موظف | N100: ولاية البحر الأحمر | O100: عقد عمل خاص | Q100: 45413 | R100: =EDATE(Q100, 24) -> 46143 | S100: 45778 | T100: 1 | U100: =T100*12 -> 12 | V100: =EDATE(S100,U100) -> 46143 | W100: =V100-TODAY() -> -5 | X100: =DATEDIF(Q100, TODAY(), "Y") -> 2 | Y100: خاص | Z100: خارجي | AA100: الشركة | AB100: 19082673503 | AE100: =IF(V100<TODAY(),"منتهي",IF(V100-TODAY()>=30,"ساري","ينتهي قريباً")) -> منتهي
A101: 100 | B101: موظف | C101: موظف | D101: احمد مبارك علي سعيد | E101: الادارة الفنية | J101: ناقص مستندات+شهادات اكاديمية | K101: ذكر | L101: موظف | N101: ولاية الخرطوم | O101: عقد عمل خاص | Q101: 45579 | R101: =EDATE(Q101, 24) -> 46309 | S101: 45944 | T101: 1 | U101: =T101*12 -> 12 | V101: =EDATE(S101,U101) -> 46309 | W101: =V101-TODAY() -> 161 | X101: =DATEDIF(Q101, TODAY(), "Y") -> 1 | Y101: السكن (د) | Z101: داخلي | AA101: الولايات | AB101: 11985300744 | AE101: =IF(V101<TODAY(),"منتهي",IF(V101-TODAY()>=30,"ساري","ينتهي قريباً")) -> ساري
...

Sheet توزيعات القوة
B1: توزيعات القوة العاملة باشركة
B2: م | C2: الولاية | D2: منتدب | F2: متعاقد | G2: موظف | H2: الجملة
D3: ضباط | E3: صف ضابط
B4: 1 | C4: ولاية البحر الأحمر | D4: =COUNTIFS(السجل!$M$3:$M$904,"ولاية البحر الأحمر",السجل!$B$3:$B$904,"ضابط") -> 4 | E4: =COUNTIFS(السجل!$M$3:$M$904,"ولاية البحر الأحمر",السجل!$B$3:$B$904,"صف ضابط") -> 2 | F4: =COUNTIFS(السجل!$M$3:$M$904,"ولاية البحر الأحمر",السجل!$B$3:$B$904,"متعاقد") -> 0 | G4: =COUNTIFS(السجل!$M$3:$M$904,"ولاية البحر الأحمر",السجل!$B$3:$B$904,"موظف") -> 5 | H4: =SUM(D4:G4) -> 11
B5: 2 | C5: ولاية الخرطوم | D5: =COUNTIFS(السجل!$M$3:$M$904,"ولاية الخرطوم",السجل!$B$3:$B$904,"ضابط") -> 23 | E5: =COUNTIFS(السجل!$M$3:$M$904,"ولاية الخرطوم",السجل!$B$3:$B$904,"صف ضابط") -> 15 | F5: =COUNTIFS(السجل!$M$3:$M$904,"ولاية الخرطوم",السجل!$B$3:$B$904,"متعاقد") -> 0 | G5: =COUNTIFS(السجل!$M$3:$M$904,"ولاية الخرطوم",السجل!$B$3:$B$904,"موظف") -> 61 | H5: =SUM(D5:G5) -> 99
B6: 3 | C6: ولاية كسلا | D6: =COUNTIFS(السجل!$M$3:$M$904,"ولاية كسلا",السجل!$B$3:$B$904,"ضابط") -> 0 | E6: =COUNTIFS(السجل!$M$3:$M$904,"ولاية كسلا",السجل!$B$3:$B$904,"صف ضابط") -> 1 | F6: =COUNTIFS(السجل!$M$3:$M$904,"ولاية كسلا",السجل!$B$3:$B$904,"متعاقد") -> 0 | G6: =COUNTIFS(السجل!$M$3:$M$904,"ولاية كسلا",السجل!$B$3:$B$904,"موظف") -> 0 | H6: =SUM(D6:G6) -> 1
B7: 4 | C7: ولاية نهر النيل | D7: =COUNTIFS(السجل!$M$3:$M$904,"ولاية نهر النيل",السجل!$B$3:$B$904,"ضابط") -> 0 | E7: =COUNTIFS(السجل!$M$3:$M$904,"ولاية نهر النيل",السجل!$B$3:$B$904,"صف ضابط") -> 0 | F7: =COUNTIFS(السجل!$M$3:$M$904,"ولاية نهر النيل",السجل!$B$3:$B$904,"متعاقد") -> 0 | G7: =COUNTIFS(السجل!$M$3:$M$904,"ولاية نهر النيل",السجل!$B$3:$B$904,"موظف") -> 3 | H7: =SUM(D7:G7) -> 3
B8: 5 | C8: الولاية الشمالية | D8: =COUNTIFS(السجل!$M$3:$M$904,"الولاية الشمالية",السجل!$B$3:$B$904,"ضابط") -> 1 | E8: =COUNTIFS(السجل!$M$3:$M$904,"الولاية الشمالية",السجل!$B$3:$B$904,"صف ضابط") -> 0 | F8: =COUNTIFS(السجل!$M$3:$M$904,"الولاية الشمالية",السجل!$B$3:$B$904,"متعاقد") -> 0 | G8: =COUNTIFS(السجل!$M$3:$M$904,"الولاية الشمالية",السجل!$B$3:$B$904,"موظف") -> 1 | H8: =SUM(D8:G8) -> 2
B9: 7 | C9: ولاية النيل الأبيض | D9: =COUNTIFS(السجل!$M$3:$M$904,"ولاية النيل الابيض",السجل!$B$3:$B$904,"ضابط") -> 1 | E9: =COUNTIFS(السجل!$M$3:$M$904,"ولاية النيل الابيض",السجل!$B$3:$B$904,"صف ضابط") -> 0 | F9: =COUNTIFS(السجل!$M$3:$M$904,"ولاية النيل الابيض",السجل!$B$3:$B$904,"متعاقد") -> 0 | G9: =COUNTIFS(السجل!$M$3:$M$904,"ولاية النيل الابيض",السجل!$B$3:$B$904,"موظف") -> 1 | H9: =SUM(D9:G9) -> 2
B10: 8 | C10: ولاية النيل الازرق | D10: =COUNTIFS(السجل!$M$3:$M$904,"ولاية النيل الازرق",السجل!$B$3:$B$904,"ضابط") -> 0 | E10: =COUNTIFS(السجل!$M$3:$M$904,"ولاية النيل الازرق",السجل!$B$3:$B$904,"صف ضابط") -> 0 | F10: =COUNTIFS(السجل!$M$3:$M$904,"ولاية النيل الازرق",السجل!$B$3:$B$904,"متعاقد") -> 0 | G10: =COUNTIFS(السجل!$M$3:$M$904,"ولاية النيل الازرق",السجل!$B$3:$B$904,"موظف") -> 1 | H10: =SUM(D10:G10) -> 1
B11: 10 | C11: ولاية سنار | D11: =COUNTIFS(السجل!$M$3:$M$904,"ولاية سنار",السجل!$B$3:$B$904,"ضابط") -> 0 | E11: =COUNTIFS(السجل!$M$3:$M$904,"ولاية سنار",السجل!$B$3:$B$904,"صف ضابط") -> 0 | F11: =COUNTIFS(السجل!$M$3:$M$904,"ولاية سنار",السجل!$B$3:$B$904,"متعاقد") -> 0 | G11: =COUNTIFS(السجل!$M$3:$M$904,"ولاية سنار",السجل!$B$3:$B$904,"موظف") -> 1 | H11: =SUM(D11:G11) -> 1
B12: 10 | C12: ولاية الجزيرة | D12: =COUNTIFS(السجل!$M$3:$M$904,"ولاية الجزيرة",السجل!$B$3:$B$904,"ضابط") -> 1 | E12: =COUNTIFS(السجل!$M$3:$M$904,"ولاية الجزيرة",السجل!$B$3:$B$904,"صف ضابط") -> 0 | F12: =COUNTIFS(السجل!$M$3:$M$904,"ولاية الجزيرة",السجل!$B$3:$B$904,"متعاقد") -> 0 | G12: =COUNTIFS(السجل!$M$3:$M$904,"ولاية الجزيرة",السجل!$B$3:$B$904,"موظف") -> 1 | H12: =SUM(D12:G12) -> 2
B13: 11 | C13: خارج السودان | D13: =COUNTIFS(السجل!$M$3:$M$904,"خارج السودان",السجل!$B$3:$B$904,"ضابط") -> 1 | E13: =COUNTIFS(السجل!$M$3:$M$904,"خارج السودان",السجل!$B$3:$B$904,"صف ضابط") -> 0 | F13: =COUNTIFS(السجل!$M$3:$M$904,"خارج السودان",السجل!$B$3:$B$904,"متعاقد") -> 0 | G13: =COUNTIFS(السجل!$M$3:$M$904,"خارج السودان",السجل!$B$3:$B$904,"موظف") -> 3 | H13: =SUM(D13:G13) -> 4
C14: الجملة | D14: =SUM(D4:D13) -> 31 | E14: =SUM(E4:E13) -> 18 | G14: =SUM(G4:G13) -> 77 | H14: =SUM(H4:H13) -> 126

Sheet تنبيه_العقود
A1: اسم الموظف | B1: نوع التنبيه | C1: الأيام المتبقية | D1: تاريخ نهاية العقد

Sheet السجل
A2: م | B2: الصفة | C2: الرتبة/ الصفة | D2: الاســــــــــــــــــــــــــــم | E2: الادارة | F2: القسم | G2: الدرجة | H2: العلاوة | I2: ملحوظة | J2: النوع | K2: الصفة | L2: المشروع | M2: مكان التواجد | N2: الوضع الاداري | O2: الوحدة الأم | P2: تاريخ التعاقد | Q2: بداية العقد الحالي | R2: مدة العقد بالسنين | S2: عدد الشهور | T2: نهاية العقد الحالي | U2: عدد الايام المتبقية | V2: مكان السكن | W2: تصنيف السكن | X2: مكان العمل | Y2: المؤهل الأكاديمي | Z2: الشهادة الأكاديمية | AA2: تاريخ منح المؤهل | AB2: الرقم الوطني | AC2: تاريخ الميلاد | AD2: موقف الخدمة المستديمة | AE2: موقف الدخول في الخدمة المستديمة | AF2: الراتب | AG2: حالة العقد | AH2: ملحوظة
A3: 1 | B3: ضابط | C3: عقيد شرطة | D3: طارق رحمة عبد القادر محمد | E3: الإدارة العليا | G3: الثالثة | J3: ذكر | K3: مدير عام | M3: ولاية الخرطوم | N3: منتدب | O3: الادارة العامة للحوسبة والاتصالات | P3: 45369 | Q3: 46008 | R3: 4 | S3: =R3*12 -> 48 | T3: =EDATE(Q3,S3) -> 47469 | U3: =T3-TODAY() -> 1321 | V3: السكن ام درمان | W3: داخلي | X3: الشركة | AE3: منتدب | AG3: =IF(T4<TODAY(),"منتهي", IF(T4-TODAY()<=30,"ينتهي قريباً", IF(DATEDIF(P4,T4,"Y")>=2,"مستديم","ساري") ) ) -> منتهي
A4: 2 | B4: موظف | C4: عميد شرطة (م) | D4: عادل حسن السيد سيد أحمد | E4: الإستشاريين | G4: الثانية | J4: ذكر | K4: مستشار | M4: ولاية الخرطوم | N4: موظف | O4: متعاقد | V4: خاص | W4: خارجي | X4: الشركة | AE4: منتدب | AG4: =IF(T5<TODAY(),"منتهي", IF(T5-TODAY()<=30,"ينتهي قريباً", IF(DATEDIF(P5,T5,"Y")>=2,"مستديم","ساري") ) ) -> مستديم
A5: 3 | B5: ضابط | C5: عقيد شرطة | D5: خالد علي اسماعيل عثمان | E5: الادارة الفنية | G5: الثالثة | J5: ذكر | K5: مدير ادارة | M5: ولاية الخرطوم | N5: منتدب | O5: الادارة العامة للحوسبة والاتصالات | P5: 44941 | Q5: 45643 | R5: 4 | S5: =R5*12 -> 48 | T5: =EDATE(Q5,S5) -> 47104 | U5: =T5-TODAY() -> 956 | V5: السكن ام درمان | W5: داخلي | X5: الشركة | AE5: منتدب | AG5: =IF(T6<TODAY(),"منتهي", IF(T6-TODAY()<=30,"ينتهي قريباً", IF(DATEDIF(P6,T6,"Y")>=2,"مستديم","ساري") ) ) -> مستديم
A6: 4 | B6: ضابط | C6: مقدم شرطة | D6: زياد حسب الرسول محمد ابو الريش | E6: ادارة المراجعة الداخلية | G6: الرابعة | J6: ذكر | K6: مدير ادارة | M6: ولاية الخرطوم | N6: منتدب | O6: الإدارة العامة للمراجعة الداخلية | P6: 44636 | Q6: 45643 | R6: 4 | S6: =R6*12 -> 48 | T6: =EDATE(Q6,S6) -> 47104 | U6: =T6-TODAY() -> 956 | V6: السكن ام درمان | W6: داخلي | X6: الشركة | AE6: منتدب | AG6: =IF(T7<TODAY(),"منتهي", IF(T7-TODAY()<=30,"ينتهي قريباً", IF(DATEDIF(P7,T7,"Y")>=2,"مستديم","ساري") ) ) -> مستديم
A7: 5 | B7: ضابط | C7: مقدم شرطة | D7: مازن محمد امين خليل | E7: ادارة تطوير الاعمال | G7: الرابعة | J7: ذكر | K7: مدير ادارة | M7: ولاية الخرطوم | N7: منتدب | O7: المكتب التنفيذي للرئاسة | P7: 44857 | Q7: 45643 | R7: 4 | S7: =R7*12 -> 48 | T7: =EDATE(Q7,S7) -> 47104 | U7: =T7-TODAY() -> 956 | V7: خاص | W7: خارجي | X7: الشركة | AB7: 11569032362 | AE7: منتدب | AG7: =IF(T8<TODAY(),"منتهي", IF(T8-TODAY()<=30,"ينتهي قريباً", IF(DATEDIF(P8,T8,"Y")>=2,"مستديم","ساري") ) ) -> مستديم
A8: 6 | B8: ضابط | C8: مقدم شرطة | D8: مدثر تاج السر عبد الدائم محمد | E8: الادارة الفنية | F8: المشاريع التقنية | G8: الرابعة | J8: ذكر | K8: رئيس قسم | L8: صندوق التأمين الاجتماعي | M8: ولاية الخرطوم | N8: منتدب | O8: الادارة العامة للحوسبة والاتصالات | P8: 44853 | Q8: 45643 | R8: 4 | S8: =R8*12 -> 48 | T8: =EDATE(Q8,S8) -> 47104 | U8: =T8-TODAY() -> 956 | V8: السكن ام درمان | W8: داخلي | X8: الشركة | AE8: منتدب | AG8: =IF(T9<TODAY(),"منتهي", IF(T9-TODAY()<=30,"ينتهي قريباً", IF(DATEDIF(P9,T9,"Y")>=2,"مستديم","ساري") ) ) -> مستديم
A9: 7 | B9: ضابط | C9: مقدم شرطة | D9: الجعلي محمد احمد حسن | E9: الادارة الفنية | F9: ict | G9: الرابعة | J9: ذكر | K9: رئيس قسم | M9: ولاية الخرطوم | N9: منتدب | O9: الادارة العامة للحوسبة والاتصالات | P9: 44972 | Q9: 45643 | R9: 4 | S9: =R9*12 -> 48 | T9: =EDATE(Q9,S9) -> 47104 | U9: =T9-TODAY() -> 956 | V9: خاص | W9: خارجي | X9: الولايات | AE9: منتدب | AG9: =IF(T10<TODAY(),"منتهي", IF(T10-TODAY()<=30,"ينتهي قريباً", IF(DATEDIF(P10,T10,"Y")>=2,"مستديم","ساري") ) ) -> مستديم
A10: 8 | B10: ضابط | C10: مقدم شرطة | D10: محمد طه مصطفى علي | E10: الادارة الفنية | G10: الرابعة | J10: ذكر | K10: موظف | M10: ولاية الخرطوم | N10: منتدب | O10: الادارة العامة للحوسبة والاتصالات | P10: 44983 | Q10: 45643 | R10: 4 | S10: =R10*12 -> 48 | T10: =EDATE(Q10,S10) -> 47104 | U10: =T10-TODAY() -> 956 | V10: السكن ام درمان | W10: داخلي | X10: الشركة | AE10: منتدب | AG10: =IF(T11<TODAY(),"منتهي", IF(T11-TODAY()<=30,"ينتهي قريباً", IF(DATEDIF(P11,T11,"Y")>=2,"مستديم","ساري") ) ) -> مستديم
A11: 9 | B11: ضابط | C11: مقدم شرطة | D11: شرف الدين عبدالفتاح خالد محمد | E11: الادارة الفنية | F11: ict | G11: الرابعة | J11: ذكر | K11: موظف | M11: ولاية الخرطوم | N11: منتدب | O11: قوات الجمارك | P11: 45566 | Q11: 45643 | R11: 4 | S11: =R11*12 -> 48 | T11: =EDATE(Q11,S11) -> 47104 | U11: =T11-TODAY() -> 956 | V11: السكن ام درمان | W11: داخلي | X11: الشركة | AE11: منتدب | AG11: =IF(T12<TODAY(),"منتهي", IF(T12-TODAY()<=30,"ينتهي قريباً", IF(DATEDIF(P12,T12,"Y")>=2,"مستديم","ساري") ) ) -> مستديم
A12: 10 | B12: ضابط | C12: رائد شرطة | D12: محمد احمد عمر محمد بله | E12: ادارة تطوير الاعمال | F12: التخليص الجمركي | G12: الخامسة | J12: ذكر | K12: موظف | M12: ولاية الخرطوم | N12: ملحق | O12: الادارة العامة للحوسبة والاتصالات | P12: 44853 | Q12: 44853 | R12: 4 | S12: =R12*12 -> 48 | T12: =EDATE(Q12,S12) -> 46314 | V12: خاص | W12: خارجي | X12: الشركة | AE12: ملحق | AG12: =IF(T13<TODAY(),"منتهي", IF(T13-TODAY()<=30,"ينتهي قريباً", IF(DATEDIF(P13,T13,"Y")>=2,"مستديم","ساري") ) ) -> مستديم
A13: 11 | B13: ضابط | C13: رائد شرطة | D13: محمد ابراهيم احمد حميدة | E13: ادارة تطوير الاعمال | F13: الدعم اللوجستي والتأمين | G13: الخامسة | J13: ذكر | K13: رئيس قسم | M13: ولاية البحر الأحمر | N13: منتدب | O13: الادارة العامة للحوسبة والاتصالات | P13: 44853 | Q13: 45643 | R13: 4 | S13: =R13*12 -> 48 | T13: =EDATE(Q13,S13) -> 47104 | U13: =T13-TODAY() -> 956 | V13: السكن بورتسودان | W13: داخلي | X13: الولايات | AE13: منتدب | AG13: =IF(T14<TODAY(),"منتهي", IF(T14-TODAY()<=30,"ينتهي قريباً", IF(DATEDIF(P14,T14,"Y")>=2,"مستديم","ساري") ) ) -> مستديم
A14: 12 | B14: ضابط | C14: رائد شرطة | D14: محمد عمر محمد مساعد | E14: ادارة الشئون المالية | G14: الخامسة | J14: ذكر | K14: مدير ادارة | M14: ولاية البحر الأحمر | N14: منتدب | O14: الادارة العامة للشئون المالية | P14: 44853 | Q14: 45643 | R14: 4 | S14: =R14*12 -> 48 | T14: =EDATE(Q14,S14) -> 47104 | U14: =T14-TODAY() -> 956 | V14: خاص | W14: خارجي | X14: الشركة | AE14: منتدب | AG14: =IF(T15<TODAY(),"منتهي", IF(T15-TODAY()<=30,"ينتهي قريباً", IF(DATEDIF(P15,T15,"Y")>=2,"مستديم","ساري") ) ) -> مستديم
A15: 13 | B15: ضابط | C15: رائد شرطة | D15: مزمل سعيد عبد الرحمن حسين | E15: الادارة الفنية | F15: المشاريع التقنية | G15: الخامسة | J15: ذكر | K15: موظف | L15: الجواز الالكتروني | M15: الولاية الشمالية | N15: منتدب | O15: الادارة العامة للحوسبة والاتصالات | P15: 44346 | Q15: 45643 | R15: 4 | S15: =R15*12 -> 48 | T15: =EDATE(Q15,S15) -> 47104 | U15: =T15-TODAY() -> 956 | V15: خاص | W15: خارجي | X15: الولايات | AE15: منتدب | AG15: =IF(T16<TODAY(),"منتهي", IF(T16-TODAY()<=30,"ينتهي قريباً", IF(DATEDIF(P16,T16,"Y")>=2,"مستديم","ساري") ) ) -> مستديم
A16: 14 | B16: ضابط | C16: رائد شرطة | D16: مبارك عبد الحفيظ علي الحاج | E16: الادارة الفنية | F16: المشاريع التقنية | G16: الخامسة | J16: ذكر | K16: موظف | L16: السجل المدني / البصمة الجنائية | M16: ولاية الخرطوم | N16: منتدب | O16: الادارة العامة للحوسبة والاتصالات | P16: 44853 | Q16: 45643 | R16: 4 | S16: =R16*12 -> 48 | T16: =EDATE(Q16,S16) -> 47104 | U16: =T16-TODAY() -> 956 | V16: خاص | W16: خارجي | X16: الشركة | AB16: 11456507103 | AE16: منتدب | AG16: =IF(T17<TODAY(),"منتهي", IF(T17-TODAY()<=30,"ينتهي قريباً", IF(DATEDIF(P17,T17,"Y")>=2,"مستديم","ساري") ) ) -> مستديم
A17: 15 | B17: ضابط | C17: رائد شرطة | D17: الفاضل احمد عبد الرحيم عثمان | E17: الادارة الفنية | F17: المشاريع التقنية | G17: الخامسة | J17: ذكر | K17: موظف | L17: الجواز الالكتروني | M17: ولاية النيل الأبيض | N17: منتدب | O17: الادارة العامة للحوسبة والاتصالات | P17: 44903 | Q17: 45643 | R17: 4 | S17: =R17*12 -> 48 | T17: =EDATE(Q17,S17) -> 47104 | U17: =T17-TODAY() -> 956 | V17: خاص | W17: خارجي | X17: الولايات | AB17: 10100003103 | AE17: منتدب | AG17: =IF(T18<TODAY(),"منتهي", IF(T18-TODAY()<=30,"ينتهي قريباً", IF(DATEDIF(P18,T18,"Y")>=2,"مستديم","ساري") ) ) -> مستديم
A18: 16 | B18: ضابط | C18: رائد شرطة | D18: خالد عبد الله محمد عمر | E18: الادارة الفنية | F18: التصميم | G18: الخامسة | J18: ذكر | K18: رئيس قسم | M18: ولاية الخرطوم | N18: منتدب | O18: الادارة العامة للحوسبة والاتصالات | P18: 44853 | Q18: 45643 | R18: 4 | S18: =R18*12 -> 48 | T18: =EDATE(Q18,S18) -> 47104 | U18: =T18-TODAY() -> 956 | V18: خاص | W18: خارجي | X18: الولايات | AE18: منتدب | AG18: =IF(T19<TODAY(),"منتهي", IF(T19-TODAY()<=30,"ينتهي قريباً", IF(DATEDIF(P19,T19,"Y")>=2,"مستديم","ساري") ) ) -> مستديم
A19: 17 | B19: ضابط | C19: رائد شرطة | D19: بكري محمد التجاني الفكي | E19: ادارة الشئون القانونية | G19: الخامسة | J19: ذكر | K19: مدير ادارة | M19: ولاية الخرطوم | N19: منتدب | O19: الادارة العامة للشئون القانونية | P19: 44881 | Q19: 45643 | R19: 4 | S19: =R19*12 -> 48 | T19: =EDATE(Q19,S19) -> 47104 | U19: =T19-TODAY() -> 956 | V19: خاص | W19: خارجي | X19: الشركة | AE19: منتدب | AG19: =IF(T20<TODAY(),"منتهي", IF(T20-TODAY()<=30,"ينتهي قريباً", IF(DATEDIF(P20,T20,"Y")>=2,"مستديم","ساري") ) ) -> مستديم
A20: 18 | B20: ضابط | C20: رائد شرطة | D20: محمود محمد عثمان فضل | E20: ادارة تطوير الاعمال | F20: المبيعات | G20: الخامسة | J20: ذكر | K20: رئيس قسم | M20: ولاية البحر الأحمر | N20: منتدب | O20: الادارة العامة للحوسبة والاتصالات | P20: 44405 | Q20: 45643 | R20: 4 | S20: =R20*12 -> 48 | T20: =EDATE(Q20,S20) -> 47104 | U20: =T20-TODAY() -> 956 | V20: السكن بورتسودان | W20: داخلي | X20: الشركة | AE20: منتدب | AG20: =IF(T21<TODAY(),"منتهي", IF(T21-TODAY()<=30,"ينتهي قريباً", IF(DATEDIF(P21,T21,"Y")>=2,"مستديم","ساري") ) ) -> مستديم
A21: 19 | B21: ضابط | C21: رائد شرطة | D21: نادر بشير علي محمد بخيت | E21: ادارة الشئون الادارية | G21: الخامسة | J21: ذكر | K21: مدير ادارة | M21: ولاية الخرطوم | N21: منتدب | O21: الادارة العامة للحوسبة والاتصالات | P21: 44630 | Q21: 45643 | R21: 4 | S21: =R21*12 -> 48 | T21: =EDATE(Q21,S21) -> 47104 | U21: =T21-TODAY() -> 956 | V21: السكن ام درمان | W21: داخلي | X21: الشركة | AB21: 11648354855 | AE21: منتدب | AG21: =IF(T22<TODAY(),"منتهي", IF(T22-TODAY()<=30,"ينتهي قريباً", IF(DATEDIF(P22,T22,"Y")>=2,"مستديم","ساري") ) ) -> مستديم
A22: 20 | B22: ضابط | C22: رائد شرطة | D22: خالد عبدالرازق ابراهيم حسن | E22: الادارة الفنية | F22: ict | G22: الخامسة | J22: ذكر | K22: موظف | M22: ولاية الخرطوم | N22: منتدب | O22: الادارة العامة للحوسبة والاتصالات | P22: 43684 | Q22: 45643 | R22: 4 | S22: =R22*12 -> 48 | T22: =EDATE(Q22,S22) -> 47104 | U22: =T22-TODAY() -> 956 | V22: السكن ام درمان | W22: داخلي | X22: الولايات | AB22: 10100140847 | AE22: منتدب | AG22: =IF(T23<TODAY(),"منتهي", IF(T23-TODAY()<=30,"ينتهي قريباً", IF(DATEDIF(P23,T23,"Y")>=2,"مستديم","ساري") ) ) -> مستديم
A23: 21 | B23: ضابط | C23: رائد شرطة | D23: شريف بابكر عبد الله محمد | E23: الادارة الفنية | F23: ict | G23: السابعة | J23: ذكر | K23: موظف | M23: ولاية الخرطوم | N23: منتدب | O23: الادارة العامة للحوسبة والاتصالات | P23: 44853 | Q23: 45643 | R23: 4 | S23: =R23*12 -> 48 | T23: =EDATE(Q23,S23) -> 47104 | U23: =T23-TODAY() -> 956 | V23: السكن ام درمان | W23: داخلي | X23: الشركة | AB23: 12018913032 | AE23: منتدب | AG23: =IF(T24<TODAY(),"منتهي", IF(T24-TODAY()<=30,"ينتهي قريباً", IF(DATEDIF(P24,T24,"Y")>=2,"مستديم","ساري") ) ) -> مستديم
A24: 22 | B24: ضابط | C24: نقيب شرطة | D24: مهيد محمد علي منصور | E24: المكتب التنفيذي | G24: السابعة | J24: ذكر | K24: مدير ادارة | M24: ولاية الخرطوم | N24: منتدب | O24: المكتب التنفيذي للرئاسة | P24: 44956 | Q24: 45643 | R24: 4 | S24: =R24*12 -> 48 | T24: =EDATE(Q24,S24) -> 47104 | U24: =T24-TODAY() -> 956 | V24: السكن ام درمان | W24: داخلي | X24: الشركة | AB24: 12030547459 | AE24: منتدب | AG24: =IF(T25<TODAY(),"منتهي", IF(T25-TODAY()<=30,"ينتهي قريباً", IF(DATEDIF(P25,T25,"Y")>=2,"مستديم","ساري") ) ) -> مستديم
A25: 23 | B25: ضابط | C25: نقيب شرطة | D25: اسماعيل شاكر عمر قبسة | E25: الادارة الفنية | F25: المشاريع التقنية | G25: السابعة | J25: ذكر | K25: موظف | L25: ايصالي | M25: ولاية الخرطوم | N25: منتدب | O25: الادارة العامة للحوسبة والاتصالات | P25: 44983 | Q25: 45643 | R25: 4 | S25: =R25*12 -> 48 | T25: =EDATE(Q25,S25) -> 47104 | U25: =T25-TODAY() -> 956 | V25: السكن ام درمان | W25: داخلي | X25: الشركة | AB25: 17723137772 | AE25: منتدب | AG25: =IF(T26<TODAY(),"منتهي", IF(T26-TODAY()<=30,"ينتهي قريباً", IF(DATEDIF(P26,T26,"Y")>=2,"مستديم","ساري") ) ) -> مستديم
A26: 24 | B26: ضابط | C26: نقيب شرطة | D26: شيماء محمد نور عبد الماجد | E26: ادارة الشئون المالية | F26: التحصيل | G26: السابعة | J26: انثي | K26: رئيس قسم | M26: ولاية الخرطوم | N26: منتدب | O26: الادارة العامة للشئون المالية | P26: 44906 | Q26: 45643 | R26: 4 | S26: =R26*12 -> 48 | T26: =EDATE(Q26,S26) -> 47104 | U26: =T26-TODAY() -> 956 | V26: خاص | W26: خارجي | X26: الشركة | AE26: منتدب | AG26: =IF(T27<TODAY(),"منتهي", IF(T27-TODAY()<=30,"ينتهي قريباً", IF(DATEDIF(P27,T27,"Y")>=2,"مستديم","ساري") ) ) -> مستديم
A27: 25 | B27: ضابط | C27: نقيب شرطة | D27: هديل محمد خير سر الختم | E27: الادارة الفنية | F27: المشاريع التقنية | G27: السابعة | J27: انثي | K27: موظف | L27: مشروع المرور | M27: ولاية البحر الأحمر | N27: ملحق | O27: الادارة العامة للحوسبة والاتصالات | P27: 46021 | Q27: 46021 | R27: 4 | S27: =R27*12 -> 48 | T27: =EDATE(Q27,S27) -> 47482 | U27: =T27-TODAY() -> 1334 | V27: خاص | W27: خارجي | X27: الشركة | AE27: ملحق | AG27: =IF(T28<TODAY(),"منتهي", IF(T28-TODAY()<=30,"ينتهي قريباً", IF(DATEDIF(P28,T28,"Y")>=2,"مستديم","ساري") ) ) -> مستديم
A28: 26 | B28: ضابط | C28: نقيب شرطة | D28: احمد عبدالله عبدالحليم محمد | E28: الادارة الفنية | F28: المشاريع التقنية | G28: السابعة | J28: ذكر | K28: موظف | L28: ايصالي | M28: ولاية الخرطوم | N28: منتدب | O28: الادارة العامة للحوسبة والاتصالات | P28: 44853 | Q28: 45643 | R28: 4 | S28: =R28*12 -> 48 | T28: =EDATE(Q28,S28) -> 47104 | U28: =T28-TODAY() -> 956 | V28: السكن ام درمان | W28: داخلي | X28: الشركة | AB28: 11247184589 | AE28: منتدب | AG28: =IF(T29<TODAY(),"منتهي", IF(T29-TODAY()<=30,"ينتهي قريباً", IF(DATEDIF(P29,T29,"Y")>=2,"مستديم","ساري") ) ) -> مستديم
A29: 27 | B29: ضابط | C29: نقيب شرطة | D29: البراء كمال بابكر عمر | E29: ادارة الشئون الادارية | F29: الموارد البشرية | G29: السابعة | J29: ذكر | K29: رئيس قسم | M29: ولاية الخرطوم | N29: منتدب | O29: الادارة العامة للموارد البشرية | P29: 44903 | Q29: 45643 | R29: 4 | S29: =R29*12 -> 48 | T29: =EDATE(Q29,S29) -> 47104 | U29: =T29-TODAY() -> 956 | V29: السكن ام درمان | W29: داخلي | X29: الشركة | AB29: 11980013851 | AE29: منتدب | AG29: =IF(T30<TODAY(),"منتهي", IF(T30-TODAY()<=30,"ينتهي قريباً", IF(DATEDIF(P30,T30,"Y")>=2,"مستديم","ساري") ) ) -> مستديم
A30: 28 | B30: ضابط | C30: ملازم أول شرطة | D30: انس عبد الرحمن علي الحسن | E30: الادارة الفنية | F30: المشاريع التقنية | G30: الثامنة | J30: ذكر | K30: موظف | L30: الجواز الالكتروني | M30: ولاية الخرطوم | N30: منتدب | O30: الادارة العامة للحوسبة والاتصالات | P30: 44565 | Q30: 45643 | R30: 4 | S30: =R30*12 -> 48 | T30: =EDATE(Q30,S30) -> 47104 | U30: =T30-TODAY() -> 956 | V30: خاص | W30: خارجي | X30: الشركة | AB30: 11874900599 | AE30: منتدب | AG30: =IF(T31<TODAY(),"منتهي", IF(T31-TODAY()<=30,"ينتهي قريباً", IF(DATEDIF(P31,T31,"Y")>=2,"مستديم","ساري") ) ) -> مستديم
A31: 29 | B31: ضابط | C31: ملازم أول شرطة | D31: مجاهد عادل عبدالله احمد | E31: الادارة الفنية | F31: المشاريع التقنية | G31: الثامنة | J31: ذكر | K31: موظف | L31: بطاقة الشرطة | M31: ولاية الخرطوم | N31: منتدب | O31: الادارة العامة للحوسبة والاتصالات | P31: 19/9/2023 | Q31: 45643 | R31: 4 | S31: =R31*12 -> 48 | T31: =EDATE(Q31,S31) -> 47104 | U31: =T31-TODAY() -> 956 | V31: السكن ام درمان | W31: داخلي | X31: الشركة | AB31: 11903118551 | AE31: منتدب | AG31: =IF(T32<TODAY(),"منتهي", IF(T32-TODAY()<=30,"ينتهي قريباً", IF(DATEDIF(P32,T32,"Y")>=2,"مستديم","ساري") ) ) -> مستديم
A32: 30 | B32: ضابط | C32: ملازم أول شرطة | D32: احمد مجدي كمال الدين الشيخ | E32: الادارة الفنية | F32: المشاريع التقنية | G32: الثامنة | J32: ذكر | K32: موظف | L32: البوابة الالكترونية | M32: خارج السودان | N32: منتدب | O32: الادارة العامة للحوسبة والاتصالات | P32: 45643 | Q32: 45643 | R32: 4 | S32: =R32*12 -> 48 | T32: =EDATE(Q32,S32) -> 47104 | U32: =T32-TODAY() -> 956 | V32: خاص | W32: خارجي | X32: خارج السودان | AE32: منتدب | AG32: =IF(T33<TODAY(),"منتهي", IF(T33-TODAY()<=30,"ينتهي قريباً", IF(DATEDIF(P33,T33,"Y")>=2,"مستديم","ساري") ) ) -> مستديم
A33: 31 | B33: ضابط | C33: ملازم أول شرطة | D33: هبة عصام الدين عبدالمحمود الطيب | E33: الادارة الفنية | F33: المشاريع التقنية | G33: الثامنة | J33: انثي | K33: موظف | L33: الجواز الالكتروني | M33: ولاية الجزيرة | N33: منتدب | O33: الادارة العامة للحوسبة والاتصالات | P33: 45643 | Q33: 45643 | R33: 4 | S33: =R33*12 -> 48 | T33: =EDATE(Q33,S33) -> 47104 | U33: =T33-TODAY() -> 956 | V33: خاص | W33: خارجي | X33: الولايات | AB33: 17865544492 | AE33: منتدب | AG33: =IF(T34<TODAY(),"منتهي", IF(T34-TODAY()<=30,"ينتهي قريباً", IF(DATEDIF(P34,T34,"Y")>=2,"مستديم","ساري") ) ) -> مستديم
A34: 32 | B34: ضابط | C34: ملازم أول شرطة | D34: عبد الرحمن ابو القاسم صالح | E34: المكتب التنفيذي | G34: التاسعة | J34: ذكر | K34: رئيس قسم | M34: ولاية الخرطوم | N34: منتدب | O34: الادارة العامة للشئون المالية | P34: 45643 | Q34: 45643 | R34: 4 | S34: =R34*12 -> 48 | T34: =EDATE(Q34,S34) -> 47104 | U34: =T34-TODAY() -> 956 | V34: خاص | W34: خارجي | X34: الشركة | AE34: منتدب | AG34: =IF(T35<TODAY(),"منتهي", IF(T35-TODAY()<=30,"ينتهي قريباً", IF(DATEDIF(P35,T35,"Y")>=2,"مستديم","ساري") ) ) -> مستديم
A35: 33 | B35: صف ضابط | C35: مساعد شرطة | D35: محمد أحمد الخضر أحمد | E35: ادارة المراجعة الداخلية | G35: العاشرة | J35: ذكر | K35: موظف | M35: ولاية البحر الأحمر | N35: منتدب | O35: الادارة العامة للمراجعة الداخلية | P35: 44101 | Q35: 45643 | R35: 4 | S35: =R35*12 -> 48 | T35: =EDATE(Q35,S35) -> 47104 | U35: =T35-TODAY() -> 956 | V35: السكن بورتسودان | W35: داخلي | X35: الشركة | AE35: منتدب | AG35: =IF(T36<TODAY(),"منتهي", IF(T36-TODAY()<=30,"ينتهي قريباً", IF(DATEDIF(P36,T36,"Y")>=2,"مستديم","ساري") ) ) -> مستديم
A36: 34 | B36: صف ضابط | C36: مساعد شرطة | D36: محمد محي الدين حسب الله فضل المولي | E36: ادارة الشئون الادارية | F36: الدعم اللوجستي | G36: العاشرة | J36: ذكر | K36: سائق | M36: ولاية الخرطوم | N36: منتدب | O36: الادارة العامة للشئون المالية | P36: 44948 | Q36: 45643 | R36: 4 | S36: =R36*12 -> 48 | T36: =EDATE(Q36,S36) -> 47104 | U36: =T36-TODAY() -> 956 | V36: خاص | W36: خارجي | X36: الولايات | AB36: 10200024326 | AE36: منتدب | AG36: =IF(T37<TODAY(),"منتهي", IF(T37-TODAY()<=30,"ينتهي قريباً", IF(DATEDIF(P37,T37,"Y")>=2,"مستديم","ساري") ) ) -> مستديم
A37: 35 | B37: صف ضابط | C37: مساعد شرطة | D37: عثمان عمر احمد ابكر | E37: ادارة الشئون المالية | F37: المخازن | G37: العاشرة | J37: ذكر | K37: رئيس قسم | M37: ولاية البحر الأحمر | N37: منتدب | O37: الادارة العامة لطيران الشرطة | P37: 44948 | Q37: 45643 | R37: 4 | S37: =R37*12 -> 48 | T37: =EDATE(Q37,S37) -> 47104 | U37: =T37-TODAY() -> 956 | V37: السكن بورتسودان | W37: داخلي | X37: الشركة | AB37: 11584602152 | AE37: منتدب | AG37: =IF(T38<TODAY(),"منتهي", IF(T38-TODAY()<=30,"ينتهي قريباً", IF(DATEDIF(P38,T38,"Y")>=2,"مستديم","ساري") ) ) -> مستديم
A38: 36 | B38: صف ضابط | C38: مساعد شرطة | D38: مزمل بشير العبيد احمد | E38: ادارة الشئون المالية | F38: التحصيل | G38: العاشرة | J38: ذكر | K38: موظف | M38: ولاية الخرطوم | N38: منتدب | O38: الادارة العامة للشئون المالية | P38: 44908 | Q38: 45643 | R38: 4 | S38: =R38*12 -> 48 | T38: =EDATE(Q38,S38) -> 47104 | U38: =T38-TODAY() -> 956 | V38: السكن ام درمان | W38: داخلي | X38: الشركة | AB38: 19734181809 | AE38: منتدب | AG38: =IF(T39<TODAY(),"منتهي", IF(T39-TODAY()<=30,"ينتهي قريباً", IF(DATEDIF(P39,T39,"Y")>=2,"مستديم","ساري") ) ) -> مستديم
A39: 37 | B39: صف ضابط | C39: مساعد شرطة | D39: يونس علي نور الدين حامد | E39: الادارة الفنية | F39: الصيانة | G39: العاشرة | J39: ذكر | K39: موظف | M39: ولاية الخرطوم | N39: منتدب | O39: الادارة العامة للشئون المالية | P39: 44930 | Q39: 45643 | R39: 4 | S39: =R39*12 -> 48 | T39: =EDATE(Q39,S39) -> 47104 | U39: =T39-TODAY() -> 956 | V39: خاص | W39: خارجي | X39: الشركة | AE39: منتدب | AG39: =IF(T40<TODAY(),"منتهي", IF(T40-TODAY()<=30,"ينتهي قريباً", IF(DATEDIF(P40,T40,"Y")>=2,"مستديم","ساري") ) ) -> منتهي
A40: 38 | B40: صف ضابط | C40: مساعد شرطة | D40: اكرم عبيد عوض الكريم محمد | E40: ادارة تطوير الاعمال | G40: العاشرة | J40: ذكر | K40: موظف | M40: ولاية الخرطوم | N40: منتدب | O40: شرطة ولاية الخرطوم | P40: 45655 | Q40: 45655 | R40: 1 | S40: =R40*12 -> 12 | T40: =EDATE(Q40,S40) -> 46020 | U40: =T40-TODAY() -> -128 | V40: خاص | W40: خارجي | X40: الشركة | AE40: منتدب | AG40: =IF(T41<TODAY(),"منتهي", IF(T41-TODAY()<=30,"ينتهي قريباً", IF(DATEDIF(P41,T41,"Y")>=2,"مستديم","ساري") ) ) -> مستديم
A41: 39 | B41: صف ضابط | C41: مساعد شرطة | D41: عثمان عبد الرحمن عثمان عيسي | E41: المكتب التنفيذي | F41: السكرتارية | G41: العاشرة | J41: ذكر | K41: سائق | M41: ولاية الخرطوم | N41: منتدب | O41: الادارة العامة للشئون المالية | P41: 44926 | Q41: 45643 | R41: 4 | S41: =R41*12 -> 48 | T41: =EDATE(Q41,S41) -> 47104 | U41: =T41-TODAY() -> 956 | V41: خاص | W41: خارجي | X41: الشركة | AB41: 10200061392 | AE41: منتدب | AG41: =IF(T42<TODAY(),"منتهي", IF(T42-TODAY()<=30,"ينتهي قريباً", IF(DATEDIF(P42,T42,"Y")>=2,"مستديم","ساري") ) ) -> مستديم
A42: 40 | B42: صف ضابط | C42: مساعد شرطة | D42: خنساء جعفر محمد احمد | E42: الادارة الفنية | F42: المشاريع التقنية | G42: العاشرة | J42: انثي | K42: موظف | L42: الجواز الالكتروني | M42: ولاية الخرطوم | N42: منتدب | O42: الادارة العامة للجوازات والهجرة | P42: 44921 | Q42: 45643 | R42: 4 | S42: =R42*12 -> 48 | T42: =EDATE(Q42,S42) -> 47104 | U42: =T42-TODAY() -> 956 | V42: خاص | W42: خارجي | X42: الولايات | AE42: منتدب | AG42: =IF(T43<TODAY(),"منتهي", IF(T43-TODAY()<=30,"ينتهي قريباً", IF(DATEDIF(P43,T43,"Y")>=2,"مستديم","ساري") ) ) -> منتهي
A43: 41 | B43: صف ضابط | C43: مساعد شرطة | D43: هشام علي الطيب علي | E43: ادارة الشئون الادارية | F43: الموارد البشرية | G43: العاشرة | J43: ذكر | K43: موظف | M43: ولاية الخرطوم | N43: منتدب | O43: دار الشرطة | P43: 44610 | Q43: 45680 | R43: 1 | S43: =R43*12 -> 12 | T43: =EDATE(Q43,S43) -> 46045 | U43: =T43-TODAY() -> -103 | V43: خاص | W43: خارجي | X43: الولايات | AB43: 11967240458 | AE43: منتدب | AG43: =IF(T44<TODAY(),"منتهي", IF(T44-TODAY()<=30,"ينتهي قريباً", IF(DATEDIF(P44,T44,"Y")>=2,"مستديم","ساري") ) ) -> مستديم
A44: 42 | B44: صف ضابط | C44: رقيب اول شرطة | D44: كوه كنو كافي ابو قنيت | E44: ادارة الشئون الادارية | F44: الدعم اللوجستي | G44: الحادية عشر | J44: ذكر | K44: موظف | M44: ولاية الخرطوم | N44: منتدب | O44: شرطة ولاية الخرطوم | P44: 44940 | Q44: 45643 | R44: 4 | S44: =R44*12 -> 48 | T44: =EDATE(Q44,S44) -> 47104 | U44: =T44-TODAY() -> 956 | V44: خاص | W44: خارجي | X44: الولايات | AE44: منتدب | AG44: =IF(T45<TODAY(),"منتهي", IF(T45-TODAY()<=30,"ينتهي قريباً", IF(DATEDIF(P45,T45,"Y")>=2,"مستديم","ساري") ) ) -> مستديم
A45: 43 | B45: صف ضابط | C45: رقيب اول شرطة | D45: امام عبد الله حسن احمد | E45: ادارة تطوير الاعمال | F45: التخليص الجمركي | G45: الحادية عشر | J45: ذكر | K45: موظف | M45: ولاية الخرطوم | N45: منتدب | O45: الادارة العامة للموارد البشرية | P45: 44906 | Q45: 45643 | R45: 4 | S45: =R45*12 -> 48 | T45: =EDATE(Q45,S45) -> 47104 | U45: =T45-TODAY() -> 956 | V45: خاص | W45: خارجي | X45: الشركة | AE45: منتدب | AG45: =IF(T46<TODAY(),"منتهي", IF(T46-TODAY()<=30,"ينتهي قريباً", IF(DATEDIF(P46,T46,"Y")>=2,"مستديم","ساري") ) ) -> مستديم
A46: 44 | B46: صف ضابط | C46: رقيب اول شرطة | D46: عبد الرحمن حمد النيل احمد | E46: ادارة الشئون الادارية | F46: الدعم اللوجستي | G46: الحادية عشر | J46: ذكر | K46: سائق | M46: ولاية الخرطوم | N46: منتدب | O46: المكتب التنفيذي للرئاسة | P46: 44957 | Q46: 45643 | R46: 4 | S46: =R46*12 -> 48 | T46: =EDATE(Q46,S46) -> 47104 | U46: =T46-TODAY() -> 956 | V46: خاص | W46: خارجي | X46: الولايات | AE46: منتدب | AG46: =IF(T47<TODAY(),"منتهي", IF(T47-TODAY()<=30,"ينتهي قريباً", IF(DATEDIF(P47,T47,"Y")>=2,"مستديم","ساري") ) ) -> مستديم
A47: 45 | B47: صف ضابط | C47: رقيب اول شرطة | D47: معتصم محمد عثمان ابراهيم | E47: ادارة الشئون الادارية | F47: الموارد البشرية | G47: الحادية عشر | J47: ذكر | K47: موظف | M47: ولاية الخرطوم | N47: منتدب | O47: الادارة العامة لتأمين منشئات النفط | P47: 44972 | Q47: 45643 | R47: 4 | S47: =R47*12 -> 48 | T47: =EDATE(Q47,S47) -> 47104 | U47: =T47-TODAY() -> 956 | V47: خاص | W47: خارجي | X47: الشركة | AB47: 11590117259 | AE47: منتدب | AG47: =IF(T48<TODAY(),"منتهي", IF(T48-TODAY()<=30,"ينتهي قريباً", IF(DATEDIF(P48,T48,"Y")>=2,"مستديم","ساري") ) ) -> مستديم
A48: 46 | B48: صف ضابط | C48: رقيب اول شرطة | D48: اسامة ازهري سيد احمد محمد صالح | E48: الادارة الفنية | F48: المشاريع التقنية | G48: الحادية عشر | J48: ذكر | K48: موظف | L48: الجواز الالكتروني | M48: ولاية الخرطوم | N48: منتدب | O48: الادارة العامة للسجل المدني | P48: 44987 | Q48: 45643 | R48: 4 | S48: =R48*12 -> 48 | T48: =EDATE(Q48,S48) -> 47104 | U48: =T48-TODAY() -> 956 | V48: خاص | W48: خارجي | X48: الولايات | AB48: 11266995626 | AE48: منتدب | AG48: =IF(T49<TODAY(),"منتهي", IF(T49-TODAY()<=30,"ينتهي قريباً", IF(DATEDIF(P49,T49,"Y")>=2,"مستديم","ساري") ) ) -> مستديم
A49: 47 | B49: صف ضابط | C49: رقيب اول شرطة | D49: جعفر ابو محمد جعفر ونتك | E49: الادارة الفنية | F49: المشاريع التقنية | G49: الحادية عشر | J49: ذكر | K49: موظف | L49: المرور | M49: ولاية كسلا | N49: منتدب | O49: الإدارة العامة للمرور | P49: 44619 | Q49: 45643 | R49: 4 | S49: =R49*12 -> 48 | T49: =EDATE(Q49,S49) -> 47104 | U49: =T49-TODAY() -> 956 | V49: خاص | W49: خارجي | X49: الولايات | AB49: 12012994134 | AE49: منتدب | AG49: =IF(T50<TODAY(),"منتهي", IF(T50-TODAY()<=30,"ينتهي قريباً", IF(DATEDIF(P50,T50,"Y")>=2,"مستديم","ساري") ) ) -> مستديم
A50: 48 | B50: صف ضابط | C50: رقيب شرطة | D50: الشاذلي عثمان محمد علي | E50: ادارة الشئون الادارية | F50: الدعم اللوجستي | G50: الحادية عشر | J50: ذكر | K50: موظف | M50: ولاية الخرطوم | N50: منتدب | O50: شرطة ولاية الخرطوم | P50: 44940 | Q50: 45643 | R50: 4 | S50: =R50*12 -> 48 | T50: =EDATE(Q50,S50) -> 47104 | U50: =T50-TODAY() -> 956 | V50: خاص | W50: خارجي | X50: الولايات | AB50: 11597402924 | AE50: منتدب | AG50: =IF(T51<TODAY(),"منتهي", IF(T51-TODAY()<=30,"ينتهي قريباً", IF(DATEDIF(P51,T51,"Y")>=2,"مستديم","ساري") ) ) -> مستديم
A51: 49 | B51: صف ضابط | C51: رقيب شرطة | D51: سالم الله جابو ادريس كافي | E51: ادارة الشئون الادارية | F51: الدعم اللوجستي | G51: الثانية عشر | J51: ذكر | K51: موظف | M51: ولاية الخرطوم | N51: منتدب | O51: الادارة العامة للسجل المدني | P51: 44987 | Q51: 45643 | R51: 4 | S51: =R51*12 -> 48 | T51: =EDATE(Q51,S51) -> 47104 | U51: =T51-TODAY() -> 956 | V51: خاص | W51: خارجي | X51: الولايات | AB51: 11588665015 | AE51: منتدب | AG51: =IF(T52<TODAY(),"منتهي", IF(T52-TODAY()<=30,"ينتهي قريباً", IF(DATEDIF(P52,T52,"Y")>=2,"مستديم","ساري") ) ) -> مستديم
A52: 50 | B52: صف ضابط | C52: عريف شرطة | D52: عمر ابكر ملامي ابكر | E52: ادارة الشئون الادارية | F52: الدعم اللوجستي | G52: الثانية عشر | J52: ذكر | K52: موظف | M52: ولاية الخرطوم | N52: منتدب | O52: شرطة ولاية الخرطوم | P52: 44940 | Q52: 45643 | R52: 4 | S52: =R52*12 -> 48 | T52: =EDATE(Q52,S52) -> 47104 | U52: =T52-TODAY() -> 956 | V52: خاص | W52: خارجي | X52: الشركة | AE52: منتدب | AG52: =IF(T53<TODAY(),"منتهي", IF(T53-TODAY()<=30,"ينتهي قريباً", IF(DATEDIF(P53,T53,"Y")>=2,"مستديم","ساري") ) ) -> مستديم
A53: 51 | B53: موظف | C53: موظف | D53: لؤي إبراهيم علي العربي | E53: الادارة الفنية | F53: المشروعات التقنية - المرور- الصيانة | I53: ناقص مستندات+ عقد | J53: ذكر | K53: موظف | M53: ولاية الخرطوم | N53: عقد عمل مسمى الاجل | O53: متعاقد | P53: 39524 | Q53: 45931 | R53: 1 | S53: =R53*12 -> 12 | T53: =EDATE(Q53,S53) -> 46296 | U53: =T53-TODAY() -> 148 | V53: خاص | W53: خارجي | X53: الولايات | Y53: مركز تدريب مهني | Z53: كهرباء عامة | AA53: 38504 | AB53: 11964897935 | AC53: 28293 | AE53: خدمة مستديمة | AG53: =IF(T54<TODAY(),"منتهي", IF(T54-TODAY()<=30,"ينتهي قريباً", IF(DATEDIF(P54,T54,"Y")>=2,"مستديم","ساري") ) ) -> مستديم
A54: 52 | B54: موظف | C54: نقيب شرطة (م) | D54: وليد عبدالله عبدالكريم الصديق | E54: الادارة الفنية | F54: المشروعات التقنية-المرور- الصيانة | I54: ناقص مستندات+عقد+شهادات | J54: ذكر | K54: رئيس قسم | M54: ولاية الخرطوم | N54: عقد عمل مسمى الاجل | O54: متعاقد | P54: 41913 | Q54: 45931 | R54: 1 | S54: =R54*12 -> 12 | T54: =EDATE(Q54,S54) -> 46296 | U54: =T54-TODAY() -> 148 | V54: خاص | W54: خارجي | X54: الشركة | Y54: بكالوريوس+ ماجستير | Z54: هندسة كمبيوتر | AB54: 10100006345 | AC54: 27667 | AE54: خدمة مستديمة | AG54: =IF(T55<TODAY(),"منتهي", IF(T55-TODAY()<=30,"ينتهي قريباً", IF(DATEDIF(P55,T55,"Y")>=2,"مستديم","ساري") ) ) -> مستديم | AH54: ناقص شهادة بكالوريوس
A55: 53 | B55: موظف | C55: موظف | D55: الحسن أحمد محمد عمر | E55: ادارة الشئون الادارية | F55: الدعم اللوجستي | I55: ناقص مستندات+عقد+شهادات | J55: ذكر | K55: سائق | M55: ولاية الخرطوم | N55: عقد عمل مسمى الاجل | O55: متعاقد | P55: 44726 | Q55: 45931 | R55: 1 | S55: =R55*12 -> 12 | T55: =EDATE(Q55,S55) -> 46296 | U55: =T55-TODAY() -> 148 | V55: السكن ام درمان | W55: داخلي | X55: الولايات | AE55: خدمة مستديمة | AG55: =IF(T56<TODAY(),"منتهي", IF(T56-TODAY()<=30,"ينتهي قريباً", IF(DATEDIF(P56,T56,"Y")>=2,"مستديم","ساري") ) ) -> مستديم
A56: 54 | B56: موظف | C56: نقيب شرطة (م) | D56: مبشر سيد احمد ابراهيم | E56: ادارة الشئون الادارية | F56: الدعم اللوجستي | I56: ناقص مستندات+عقد+ شهادات | J56: ذكر | K56: رئيس قسم | M56: ولاية الخرطوم | N56: عقد عمل مسمى الاجل | O56: متعاقد | P56: 44929 | Q56: 46025 | R56: 1 | S56: =R56*12 -> 12 | T56: =EDATE(Q56,S56) -> 46390 | U56: =T56-TODAY() -> 242 | V56: خاص | W56: خارجي | X56: الولايات | AE56: خدمة مستديمة | AG56: =IF(T57<TODAY(),"منتهي", IF(T57-TODAY()<=30,"ينتهي قريباً", IF(DATEDIF(P57,T57,"Y")>=2,"مستديم","ساري") ) ) -> مستديم
A57: 55 | B57: موظف | C57: موظف | D57: احمد عمر صديق احمد | E57: الادارة الفنية | F57: المشروعات التقنية | I57: مكتمل | J57: ذكر | K57: موظف | L57: الجواز الالكتروني | M57: ولاية البحر الأحمر | N57: عقد عمل خاص | O57: متعاقد | P57: 44971 | Q57: 46067 | R57: 1 | S57: =R57*12 -> 12 | T57: =EDATE(Q57,S57) -> 46432 | U57: =T57-TODAY() -> 284 | V57: خاص | W57: خارجي | X57: الشركة | AB57: 11931528476 | AE57: خدمة مستديمة | AF57: 181637.28 | AG57: =IF(T58<TODAY(),"منتهي", IF(T58-TODAY()<=30,"ينتهي قريباً", IF(DATEDIF(P58,T58,"Y")>=2,"مستديم","ساري") ) ) -> مستديم
A58: 56 | B58: موظف | C58: موظف | D58: محمد عبد الرحمن أحمد الماحي | E58: الادارة الفنية | F58: المشروعات التقنية | I58: ناقص مستندات+شهادات اكاديمية | J58: ذكر | K58: موظف | L58: المرور | M58: ولاية الخرطوم | N58: عقد عمل خاص | O58: متعاقد | P58: 44977 | Q58: 46073 | R58: 1 | S58: =R58*12 -> 12 | T58: =EDATE(Q58,S58) -> 46438 | U58: =T58-TODAY() -> 290 | V58: السكن ام درمان | W58: داخلي | X58: الشركة | AE58: خدمة مستديمة | AF58: 232784.25 | AG58: =IF(T59<TODAY(),"منتهي", IF(T59-TODAY()<=30,"ينتهي قريباً", IF(DATEDIF(P59,T59,"Y")>=2,"مستديم","ساري") ) ) -> مستديم
A59: 57 | B59: موظف | C59: موظف | D59: امجد عبد الحليم احمد عبد الله | E59: الادارة الفنية | F59: المشروعات التقنية | I59: ناقص مستندات+ شهادة اكاديمية | J59: ذكر | K59: موظف | M59: ولاية نهر النيل | N59: عقد عمل خاص | O59: متعاقد | P59: 44979 | Q59: 46073 | R59: 1 | S59: =R59*12 -> 12 | T59: =EDATE(Q59,S59) -> 46438 | U59: =T59-TODAY() -> 290 | V59: السكن عطبرة | W59: داخلي | X59: الولايات | Y59: بكالوريوس | Z59: نظم معلومات | AA59: 45008 | AB59: 12005707966 | AC59: 32476 | AE59: خدمة مستديمة | AF59: 219323.49 | AG59: =IF(T60<TODAY(),"منتهي", IF(T60-TODAY()<=30,"ينتهي قريباً", IF(DATEDIF(P60,T60,"Y")>=2,"مستديم","ساري") ) ) -> مستديم
A60: 58 | B60: موظف | C60: موظف | D60: امين محمد عبد الله ابراهيم | E60: الادارة الفنية | F60: المشروعات التقنية | I60: ناقص شهادة اكاديمية | J60: ذكر | K60: موظف | M60: ولاية نهر النيل | N60: عقد عمل خاص | O60: متعاقد | P60: 44979 | Q60: 46075 | R60: 1 | S60: =R60*12 -> 12 | T60: =EDATE(Q60,S60) -> 46440 | U60: =T60-TODAY() -> 292 | V60: السكن بورتسودان | W60: داخلي | X60: الولايات | AB60: 1156356333 | AE60: خدمة مستديمة | AF60: 204325.17 | AG60: =IF(T61<TODAY(),"منتهي", IF(T61-TODAY()<=30,"ينتهي قريباً", IF(DATEDIF(P61,T61,"Y")>=2,"مستديم","ساري") ) ) -> مستديم
A61: 59 | B61: موظف | C61: موظف | D61: احمد محمد موسى مدني | E61: الادارة الفنية | F61: المشروعات التقنية | I61: مكتمل | J61: ذكر | K61: موظف | L61: المرور | M61: ولاية الخرطوم | N61: عقد عمل خاص | O61: متعاقد | P61: 44979 | Q61: 46075 | R61: 1 | S61: =R61*12 -> 12 | T61: =EDATE(Q61,S61) -> 46440 | U61: =T61-TODAY() -> 292 | V61: خاص | W61: خارجي | X61: الشركة | AB61: 12017272389 | AE61: خدمة مستديمة | AF61: 227389.66 | AG61: =IF(T62<TODAY(),"منتهي", IF(T62-TODAY()<=30,"ينتهي قريباً", IF(DATEDIF(P62,T62,"Y")>=2,"مستديم","ساري") ) ) -> مستديم
A62: 60 | B62: موظف | C62: موظف | D62: عز الدين بدوي الشيخ يوسف | E62: ادارة الشئون الادارية | F62: الدعم اللوجستي | J62: ذكر | K62: سائق | M62: ولاية الخرطوم | N62: عقد عمل خاص | O62: متعاقد | P62: 44986 | Q62: 46082 | R62: 1 | S62: =R62*12 -> 12 | T62: =EDATE(Q62,S62) -> 46447 | U62: =T62-TODAY() -> 299 | V62: خاص | W62: خارجي | X62: الولايات | AB62: 12034846622 | AE62: خدمة مستديمة | AG62: =IF(T63<TODAY(),"منتهي", IF(T63-TODAY()<=30,"ينتهي قريباً", IF(DATEDIF(P63,T63,"Y")>=2,"مستديم","ساري") ) ) -> مستديم
A63: 61 | B63: موظف | C63: موظف | D63: معاذ صالح ادريس ابراهيم | E63: ادارة الشئون الادارية | F63: الدعم اللوجستي | I63: مستندات +شهادات اكاديمية | J63: ذكر | K63: عامل | M63: ولاية الخرطوم | N63: عقد عمل خاص | O63: متعاقد | P63: 44986 | Q63: 46082 | R63: 1 | S63: =R63*12 -> 12 | T63: =EDATE(Q63,S63) -> 46447 | U63: =T63-TODAY() -> 299 | V63: السكن بورتسودان | W63: داخلي | X63: الولايات | AB63: 12041513742 | AE63: خدمة مستديمة | AG63: =IF(T64<TODAY(),"منتهي", IF(T64-TODAY()<=30,"ينتهي قريباً", IF(DATEDIF(P64,T64,"Y")>=2,"مستديم","ساري") ) ) -> مستديم
A64: 62 | B64: موظف | C64: موظف | D64: فتحي عيسى ادم محمد | E64: ادارة الشئون الادارية | F64: الدعم اللوجستي | I64: مكتمل | J64: ذكر | K64: سائق | M64: ولاية الخرطوم | N64: عقد عمل خاص | O64: متعاقد | P64: 44986 | Q64: 46082 | R64: 1 | S64: =R64*12 -> 12 | T64: =EDATE(Q64,S64) -> 46447 | U64: =T64-TODAY() -> 299 | V64: خاص | W64: خارجي | X64: الشركة | AB64: 11281889589 | AE64: خدمة مستديمة | AG64: =IF(T65<TODAY(),"منتهي", IF(T65-TODAY()<=30,"ينتهي قريباً", IF(DATEDIF(P65,T65,"Y")>=2,"مستديم","ساري") ) ) -> مستديم
A65: 63 | B65: موظف | C65: موظف | D65: سمير الشيخ ادريس صالح | E65: ادارة الشئون الادارية | F65: الدعم اللوجستي | I65: ناقص شهادات اكاديمية | J65: ذكر | K65: سائق | M65: ولاية الخرطوم | N65: عقد عمل خاص | O65: متعاقد | P65: 44986 | Q65: 46082 | R65: 1 | S65: =R65*12 -> 12 | T65: =EDATE(Q65,S65) -> 46447 | U65: =T65-TODAY() -> 299 | V65: خاص | W65: خارجي | X65: الشركة | AB65: 19432394340 | AE65: خدمة مستديمة | AF65: 142745.11 | AG65: =IF(T66<TODAY(),"منتهي", IF(T66-TODAY()<=30,"ينتهي قريباً", IF(DATEDIF(P66,T66,"Y")>=2,"مستديم","ساري") ) ) -> مستديم
A66: 64 | B66: موظف | C66: موظف | D66: عمر الطيب عبد الرحيم الشيخ | E66: ادارة الشئون الادارية | F66: الدعم اللوجستي | I66: مستندات +شهادات اكاديمية+تبويب | J66: ذكر | K66: سائق | M66: ولاية الخرطوم | N66: عقد عمل خاص | O66: متعاقد | P66: 44986 | Q66: 46082 | R66: 1 | S66: =R66*12 -> 12 | T66: =EDATE(Q66,S66) -> 46447 | U66: =T66-TODAY() -> 299 | V66: خاص | W66: خارجي | X66: الولايات | AB66: 10200101761 | AE66: خدمة مستديمة | AG66: =IF(T67<TODAY(),"منتهي", IF(T67-TODAY()<=30,"ينتهي قريباً", IF(DATEDIF(P67,T67,"Y")>=2,"مستديم","ساري") ) ) -> مستديم
A67: 65 | B67: موظف | C67: موظف | D67: عبد القادر سبت عبد القادر بخيت | E67: ادارة الشئون الادارية | F67: الدعم اللوجستي | I67: ناقص مستندات +شهادات اكاديمية+عقد | J67: ذكر | K67: سائق | M67: ولاية الخرطوم | N67: عقد عمل خاص | O67: متعاقد | P67: 44986 | Q67: 46082 | R67: 1 | S67: =R67*12 -> 12 | T67: =EDATE(Q67,S67) -> 46447 | U67: =T67-TODAY() -> 299 | V67: خاص | W67: خارجي | X67: الشركة | AB67: 12080415268 | AE67: خدمة مستديمة | AG67: =IF(T68<TODAY(),"منتهي", IF(T68-TODAY()<=30,"ينتهي قريباً", IF(DATEDIF(P68,T68,"Y")>=2,"مستديم","ساري") ) ) -> مستديم
A68: 66 | B68: موظف | C68: موظف | D68: تاج السر احمد خضر سعيد | E68: ادارة الشئون الادارية | F68: الدعم اللوجستي | J68: ذكر | K68: عامل | M68: ولاية الخرطوم | N68: عقد عمل خاص | O68: متعاقد | P68: 44986 | Q68: 46082 | R68: 1 | S68: =R68*12 -> 12 | T68: =EDATE(Q68,S68) -> 46447 | U68: =T68-TODAY() -> 299 | V68: السكن ام درمان | W68: داخلي | X68: الولايات | AE68: خدمة مستديمة | AG68: =IF(T69<TODAY(),"منتهي", IF(T69-TODAY()<=30,"ينتهي قريباً", IF(DATEDIF(P69,T69,"Y")>=2,"مستديم","ساري") ) ) -> مستديم
A69: 67 | B69: موظف | C69: موظف | D69: انتصار علي كوري عبد الله | E69: ادارة الشئون الادارية | F69: الدعم اللوجستي | J69: انثي | K69: عامل | M69: ولاية الخرطوم | N69: عقد عمل خاص | O69: متعاقد | P69: 44986 | Q69: 46082 | R69: 1 | S69: =R69*12 -> 12 | T69: =EDATE(Q69,S69) -> 46447 | U69: =T69-TODAY() -> 299 | V69: خاص | W69: خارجي | X69: الولايات | Y69: لايوجد | Z69: لايوجد | AA69: 0 | AB69: 11510001663 | AC69: 28856 | AE69: خدمة مستديمة | AG69: =IF(T70<TODAY(),"منتهي", IF(T70-TODAY()<=30,"ينتهي قريباً", IF(DATEDIF(P70,T70,"Y")>=2,"مستديم","ساري") ) ) -> مستديم
A70: 68 | B70: موظف | C70: موظف | D70: وائل امام محمد التوم | E70: ادارة الشئون الادارية | F70: الدعم اللوجستي | I70: مستندات+شهادات اكاديمية | J70: ذكر | K70: موظف | M70: ولاية الخرطوم | N70: عقد عمل خاص | O70: متعاقد | P70: 44986 | Q70: 46082 | R70: 1 | S70: =R70*12 -> 12 | T70: =EDATE(Q70,S70) -> 46447 | U70: =T70-TODAY() -> 299 | V70: خاص | W70: خارجي | X70: الولايات | AE70: خدمة مستديمة | AG70: =IF(T71<TODAY(),"منتهي", IF(T71-TODAY()<=30,"ينتهي قريباً", IF(DATEDIF(P71,T71,"Y")>=2,"مستديم","ساري") ) ) -> مستديم
A71: 69 | B71: موظف | C71: موظف | D71: عمر محمد ادريس بابكر | E71: ادارة الشئون الادارية | F71: الدعم اللوجستي | I71: ناقص مستندات+شهادات اكاديمية | J71: ذكر | K71: عامل | M71: ولاية الخرطوم | N71: عقد عمل خاص | O71: متعاقد | P71: 44986 | Q71: 46082 | R71: 1 | S71: =R71*12 -> 12 | T71: =EDATE(Q71,S71) -> 46447 | U71: =T71-TODAY() -> 299 | V71: خاص | W71: خارجي | X71: الولايات | AE71: خدمة مستديمة | AG71: =IF(T72<TODAY(),"منتهي", IF(T72-TODAY()<=30,"ينتهي قريباً", IF(DATEDIF(P72,T72,"Y")>=2,"مستديم","ساري") ) ) -> مستديم
A72: 70 | B72: موظف | C72: موظف | D72: محمد خلف الله عمر عوض | E72: المكتب التنفيذي | F72: السكرتارية | I72: ناقص مستندات +شهادات اكاديمية | J72: ذكر | K72: عامل | M72: ولاية الخرطوم | N72: عقد عمل خاص | O72: متعاقد | P72: 44986 | Q72: 46082 | R72: 1 | S72: =R72*12 -> 12 | T72: =EDATE(Q72,S72) -> 46447 | U72: =T72-TODAY() -> 299 | V72: السكن ام درمان | W72: داخلي | X72: الشركة | AB72: 11925026645 | AE72: خدمة مستديمة | AF72: 153173.96 | AG72: =IF(T73<TODAY(),"منتهي", IF(T73-TODAY()<=30,"ينتهي قريباً", IF(DATEDIF(P73,T73,"Y")>=2,"مستديم","ساري") ) ) -> مستديم
A73: 71 | B73: موظف | C73: موظف | D73: عبد الله عثمان محمد علي | E73: ادارة الشئون الادارية | F73: الدعم اللوجستي | I73: ناقص شهادات اكاديمية | J73: ذكر | K73: عامل | M73: ولاية البحر الأحمر | N73: عقد عمل خاص | O73: متعاقد | P73: 44986 | Q73: 46082 | R73: 1 | S73: =R73*12 -> 12 | T73: =EDATE(Q73,S73) -> 46447 | U73: =T73-TODAY() -> 299 | V73: السكن بورتسودان | W73: داخلي | X73: الشركة | AB73: 11531698492 | AE73: خدمة مستديمة | AG73: =IF(T74<TODAY(),"منتهي", IF(T74-TODAY()<=30,"ينتهي قريباً", IF(DATEDIF(P74,T74,"Y")>=2,"مستديم","ساري") ) ) -> مستديم
A74: 72 | B74: موظف | C74: موظف | D74: محمد أحمد الطيب يس | E74: الادارة الفنية | F74: المشروعات التقنية | I74: ناقص مستندات+شهادات اكاديمية | J74: ذكر | K74: موظف | L74: ايصالات الشرطة | M74: ولاية الخرطوم | N74: عقد عمل خاص | O74: متعاقد | P74: 44992 | Q74: 46088 | R74: 1 | S74: =R74*12 -> 12 | T74: =EDATE(Q74,S74) -> 46453 | U74: =T74-TODAY() -> 305 | V74: السكن ام درمان | W74: داخلي | X74: الشركة | AE74: خدمة مستديمة | AF74: 161109.76 | AG74: =IF(T75<TODAY(),"منتهي", IF(T75-TODAY()<=30,"ينتهي قريباً", IF(DATEDIF(P75,T75,"Y")>=2,"مستديم","ساري") ) ) -> مستديم
A75: 73 | B75: موظف | C75: موظف | D75: محمد الحسن صلاح محمود الشناوي | E75: الادارة الفنية | F75: المشروعات التقنية | I75: ناقص مستندات+شهادات اكاديمية | J75: ذكر | K75: موظف | L75: ايصالي | M75: ولاية الخرطوم | N75: عقد عمل خاص | O75: متعاقد | P75: 44992 | Q75: 46088 | R75: 1 | S75: =R75*12 -> 12 | T75: =EDATE(Q75,S75) -> 46453 | U75: =T75-TODAY() -> 305 | V75: خاص | W75: خارجي | X75: الشركة | AE75: خدمة مستديمة | AF75: 161109.76 | AG75: =IF(T76<TODAY(),"منتهي", IF(T76-TODAY()<=30,"ينتهي قريباً", IF(DATEDIF(P76,T76,"Y")>=2,"مستديم","ساري") ) ) -> مستديم
A76: 74 | B76: موظف | C76: موظف | D76: عمر بابكر الامين الدرديري | E76: الادارة الفنية | F76: ict | I76: ناقص شهادات اكاديمية | J76: ذكر | K76: موظف | M76: ولاية الخرطوم | N76: عقد عمل خاص | O76: متعاقد | P76: 44993 | Q76: 46089 | R76: 1 | S76: =R76*12 -> 12 | T76: =EDATE(Q76,S76) -> 46454 | U76: =T76-TODAY() -> 306 | V76: السكن ام درمان | W76: داخلي | X76: الولايات | AB76: 11968397636 | AE76: خدمة مستديمة | AF76: 254089.73 | AG76: =IF(T77<TODAY(),"منتهي", IF(T77-TODAY()<=30,"ينتهي قريباً", IF(DATEDIF(P77,T77,"Y")>=2,"مستديم","ساري") ) ) -> مستديم
A77: 75 | B77: موظف | C77: موظف | D77: داؤود حسين سليمان علي | E77: الادارة الفنية | F77: ict | I77: مكتمل | J77: ذكر | K77: موظف | M77: ولاية الخرطوم | N77: عقد عمل خاص | O77: متعاقد | P77: 44993 | Q77: 46089 | R77: 1 | S77: =R77*12 -> 12 | T77: =EDATE(Q77,S77) -> 46454 | U77: =T77-TODAY() -> 306 | V77: السكن ام درمان | W77: داخلي | X77: الشركة | AB77: 11292678353 | AE77: خدمة مستديمة | AF77: 232784.25 | AG77: =IF(T78<TODAY(),"منتهي", IF(T78-TODAY()<=30,"ينتهي قريباً", IF(DATEDIF(P78,T78,"Y")>=2,"مستديم","ساري") ) ) -> مستديم
A78: 76 | B78: موظف | C78: موظف | D78: علي محمد عبد الكريم حمدان | E78: ادارة الشئون المالية | F78: الحسابات | I78: مكتمل | J78: ذكر | K78: موظف | M78: ولاية الخرطوم | N78: عقد عمل خاص | O78: متعاقد | P78: 44997 | Q78: 46093 | R78: 1 | S78: =R78*12 -> 12 | T78: =EDATE(Q78,S78) -> 46458 | U78: =T78-TODAY() -> 310 | V78: السكن ام درمان | W78: داخلي | X78: الشركة | AB78: 17874838855 | AE78: خدمة مستديمة | AF78: 206749.69 | AG78: =IF(T79<TODAY(),"منتهي", IF(T79-TODAY()<=30,"ينتهي قريباً", IF(DATEDIF(P79,T79,"Y")>=2,"مستديم","ساري") ) ) -> مستديم
A79: 77 | B79: موظف | C79: موظف | D79: سامي عبد القادر صالح حسن | E79: الادارة الفنية | F79: المشروعات التقنية | I79: ناقص مستندات+شهادات اكاديمية | J79: ذكر | K79: موظف | M79: ولاية الخرطوم | N79: عقد عمل خاص | O79: متعاقد | P79: 44997 | Q79: 46093 | R79: 1 | S79: =R79*12 -> 12 | T79: =EDATE(Q79,S79) -> 46458 | U79: =T79-TODAY() -> 310 | V79: خاص | W79: خارجي | X79: الشركة | AE79: خدمة مستديمة | AF79: 219323.49 | AG79: =IF(T80<TODAY(),"منتهي", IF(T80-TODAY()<=30,"ينتهي قريباً", IF(DATEDIF(P80,T80,"Y")>=2,"مستديم","ساري") ) ) -> مستديم
A80: 78 | B80: موظف | C80: موظف | D80: محمد تاج الدين خضر الجزولي | E80: الادارة الفنية | F80: المشروعات التقنية | I80: ناقص عقد | J80: ذكر | K80: موظف | L80: المرور | M80: ولاية الخرطوم | N80: عقد عمل خاص | O80: متعاقد | P80: 45001 | Q80: 46097 | R80: 1 | S80: =R80*12 -> 12 | T80: =EDATE(Q80,S80) -> 46462 | U80: =T80-TODAY() -> 314 | V80: خاص | W80: خارجي | X80: الولايات | Y80: بكالوريوس | Z80: هندسة كمبيوتر | AA80: 40689 | AB80: 11995513391 | AC80: 32788 | AE80: خدمة مستديمة | AF80: 161109.76 | AG80: =IF(T81<TODAY(),"منتهي", IF(T81-TODAY()<=30,"ينتهي قريباً", IF(DATEDIF(P81,T81,"Y")>=2,"مستديم","ساري") ) ) -> منتهي
A81: 79 | B81: موظف | C81: موظف | D81: محمد الطاهر علي محمد | E81: ادارة الشئون المالية | F81: المخازن | I81: ناقص مستندات+شهادات اكاديمية | J81: ذكر | K81: موظف | M81: ولاية الخرطوم | N81: عقد عمل خاص | O81: متعاقد | P81: 45025 | Q81: 45756 | R81: 1 | S81: =R81*12 -> 12 | T81: =EDATE(Q81,S81) -> 46121 | U81: =T81-TODAY() -> -27 | V81: خاص | W81: خارجي | X81: الولايات | AB81: 20497831020 | AE81: خدمة مستديمة | AF81: 161109.76 | AG81: =IF(T82<TODAY(),"منتهي", IF(T82-TODAY()<=30,"ينتهي قريباً", IF(DATEDIF(P82,T82,"Y")>=2,"مستديم","ساري") ) ) -> مستديم
A82: 80 | B82: موظف | C82: موظف | D82: يحي محمد محجوب عوض الله | E82: الادارة الفنية | F82: ict | I82: شهادات اكاديمية | J82: ذكر | K82: موظف | M82: ولاية الخرطوم | N82: عقد عمل خاص | O82: متعاقد | P82: 45092 | Q82: 45823 | R82: 1 | S82: =R82*12 -> 12 | T82: =EDATE(Q82,S82) -> 46188 | U82: =T82-TODAY() -> 40 | V82: السكن ام درمان | W82: داخلي | X82: الشركة | AB82: 12016530387 | AE82: خدمة مستديمة | AF82: 222000.36 | AG82: =IF(T83<TODAY(),"منتهي", IF(T83-TODAY()<=30,"ينتهي قريباً", IF(DATEDIF(P83,T83,"Y")>=2,"مستديم","ساري") ) ) -> مستديم
A83: 81 | B83: موظف | C83: موظف | D83: محمد معتصم هاشم احمد | E83: الادارة الفنية | F83: المشروعات التقنية | I83: ناقص مستندات+شهادات | J83: ذكر | K83: موظف | L83: البوابة الالكترونية | M83: ولاية الخرطوم | N83: عقد عمل خاص | O83: متعاقد | P83: 45095 | Q83: 45826 | R83: 1 | S83: =R83*12 -> 12 | T83: =EDATE(Q83,S83) -> 46191 | U83: =T83-TODAY() -> 43 | V83: السكن ام درمان | W83: داخلي | X83: الشركة | AE83: خدمة مستديمة | AF83: 182036.9 | AG83: =IF(T84<TODAY(),"منتهي", IF(T84-TODAY()<=30,"ينتهي قريباً", IF(DATEDIF(P84,T84,"Y")>=2,"مستديم","ساري") ) ) -> مستديم
A84: 82 | B84: موظف | C84: موظف | D84: جهاد العطا فضل الله فرح | E84: الادارة الفنية | F84: المشروعات التقنية | I84: ناقص مستندات+ شهادات | J84: ذكر | K84: موظف | L84: المرور | M84: ولاية الخرطوم | N84: عقد عمل خاص | O84: متعاقد | P84: 45095 | Q84: 45826 | R84: 1 | S84: =R84*12 -> 12 | T84: =EDATE(Q84,S84) -> 46191 | U84: =T84-TODAY() -> 43 | V84: السكن ام درمان | W84: داخلي | X84: الشركة | AB84: 11478281799 | AE84: خدمة مستديمة | AF84: 211641.44 | AG84: =IF(T85<TODAY(),"منتهي", IF(T85-TODAY()<=30,"ينتهي قريباً", IF(DATEDIF(P85,T85,"Y")>=2,"مستديم","ساري") ) ) -> مستديم
A85: 83 | B85: موظف | C85: موظف | D85: ياسر سيد احمد منصور | E85: ادارة تطوير الاعمال | F85: المشروعات التقنية | I85: ناقص مستندات+عقد+شهادات | J85: ذكر | K85: موظف | L85: الجواز الالكتروني | M85: ولاية الخرطوم | N85: عقد عمل خاص | O85: متعاقد | P85: 45153 | Q85: 45884 | R85: 1 | S85: =R85*12 -> 12 | T85: =EDATE(Q85,S85) -> 46249 | U85: =T85-TODAY() -> 101 | V85: السكن ام درمان | W85: داخلي | X85: الشركة | Y85: بكالوريوس | Z85: هندسة حاسوب | AA85: 39887 | AB85: 12230516141 | AC85: 31504 | AE85: خدمة مستديمة | AG85: =IF(T86<TODAY(),"منتهي", IF(T86-TODAY()<=30,"ينتهي قريباً", IF(DATEDIF(P86,T86,"Y")>=2,"مستديم","ساري") ) ) -> مستديم
A86: 84 | B86: موظف | C86: موظف | D86: يوسف عباس محجوب احمد | E86: الادارة الفنية | F86: ict | I86: ناقص مستندات + عقد+ شهادات | J86: ذكر | K86: موظف | M86: ولاية الخرطوم | N86: عقد عمل خاص | O86: متعاقد | P86: 45167 | Q86: 45898 | R86: 1 | S86: =R86*12 -> 12 | T86: =EDATE(Q86,S86) -> 46263 | U86: =T86-TODAY() -> 115 | V86: السكن ام درمان | W86: داخلي | X86: الولايات | Y86: بكالوريوس | Z86: علوم حاسوب | AA86: 38769 | AB86: 10100002841 | AC86: 29587 | AE86: خدمة مستديمة | AG86: =IF(T87<TODAY(),"منتهي", IF(T87-TODAY()<=30,"ينتهي قريباً", IF(DATEDIF(P87,T87,"Y")>=2,"مستديم","ساري") ) ) -> مستديم
A87: 85 | B87: موظف | C87: موظف | D87: غسان التاج ابراهيم عبدالرحمن | E87: الادارة الفنية | F87: ict | I87: ناقص مستندات+عقد+شهادات | J87: ذكر | K87: موظف | M87: ولاية البحر الأحمر | N87: عقد عمل خاص | O87: متعاقد | P87: 45167 | Q87: 45898 | R87: 1 | S87: =R87*12 -> 12 | T87: =EDATE(Q87,S87) -> 46263 | U87: =T87-TODAY() -> 115 | V87: خاص | W87: خارجي | X87: الشركة | Y87: دبلوم - سنتين | Z87: هندسة حاسوب | AA87: 38005 | AE87: خدمة مستديمة | AG87: =IF(T88<TODAY(),"منتهي", IF(T88-TODAY()<=30,"ينتهي قريباً", IF(DATEDIF(P88,T88,"Y")>=2,"مستديم","ساري") ) ) -> مستديم | AH87: ناقص مستندات ثبوتية
A88: 86 | B88: موظف | C88: موظف | D88: ايمان عبدالرحمن سيد احمد | E88: الادارة الفنية | F88: المشروعات التقنية | I88: ناقص مستندات+عقد+شهادات | J88: انثي | K88: موظف | L88: المرور | M88: الولاية الشمالية | N88: عقد عمل خاص | O88: متعاقد | P88: 45190 | Q88: 45921 | R88: 1 | S88: =R88*12 -> 12 | T88: =EDATE(Q88,S88) -> 46286 | U88: =T88-TODAY() -> 138 | V88: خاص | W88: خارجي | X88: الولايات | AE88: خدمة مستديمة | AG88: =IF(T89<TODAY(),"منتهي", IF(T89-TODAY()<=30,"ينتهي قريباً", IF(DATEDIF(P89,T89,"Y")>=2,"مستديم","ساري") ) ) -> مستديم
A89: 87 | B89: موظف | C89: موظف | D89: سامح محمد عثمان محمد | E89: الادارة الفنية | F89: المشروعات التقنية | I89: ناقص مستندات+عقد | J89: ذكر | K89: موظف | L89: ايصالي | M89: ولاية الخرطوم | N89: عقد عمل خاص | O89: متعاقد | P89: 45199 | Q89: 45930 | R89: 1 | S89: =R89*12 -> 12 | T89: =EDATE(Q89,S89) -> 46295 | U89: =T89-TODAY() -> 147 | V89: خاص | W89: خارجي | X89: الشركة | Y89: دبلوم | Z89: نظم معلومات | AA89: 43789 | AE89: خدمة مستديمة | AG89: =IF(T90<TODAY(),"منتهي", IF(T90-TODAY()<=30,"ينتهي قريباً", IF(DATEDIF(P90,T90,"Y")>=2,"مستديم","ساري") ) ) -> مستديم | AH89: ناقص مستندات ثبويتة
A90: 88 | B90: موظف | C90: موظف | D90: ياسر عبدالعليم محمد عبدالعليم | E90: الادارة الفنية | F90: المشروعات التقنية | I90: ناقص مستندات+عقد+شهادات | J90: ذكر | K90: موظف | L90: الجواز الالكتروني | M90: ولاية سنار | N90: عقد عمل خاص | O90: متعاقد | P90: 45202 | Q90: 45933 | R90: 1 | S90: =R90*12 -> 12 | T90: =EDATE(Q90,S90) -> 46298 | U90: =T90-TODAY() -> 150 | V90: خاص | W90: خارجي | X90: الولايات | AB90: 11880417206 | AC90: 34836 | AE90: خدمة مستديمة | AG90: =IF(T91<TODAY(),"منتهي", IF(T91-TODAY()<=30,"ينتهي قريباً", IF(DATEDIF(P91,T91,"Y")>=2,"مستديم","ساري") ) ) -> مستديم | AH90: ناقص عقودات مستندات اكاديمية
A91: 89 | B91: موظف | C91: موظف | D91: محمد نورالدين خضر مصطفي | E91: الادارة الفنية | F91: المشروعات التقنية | I91: ناقص مستندات + عقد | J91: ذكر | K91: موظف | L91: الجواز الالكتروني | M91: ولاية الخرطوم | N91: عقد عمل خاص | O91: متعاقد | P91: 45211 | Q91: 45942 | R91: 1 | S91: =R91*12 -> 12 | T91: =EDATE(Q91,S91) -> 46307 | U91: =T91-TODAY() -> 159 | V91: خاص | W91: خارجي | X91: الولايات | AE91: خدمة مستديمة | AG91: =IF(T92<TODAY(),"منتهي", IF(T92-TODAY()<=30,"ينتهي قريباً", IF(DATEDIF(P92,T92,"Y")>=2,"مستديم","ساري") ) ) -> مستديم | AH91: ناقص مستندات ثبوتية+عقودات+اكاديمية
A92: 90 | B92: موظف | C92: موظف | D92: محمد سيف الدين محمد ابوزيد | E92: الادارة الفنية | F92: المشروعات التقنية | I92: ناقص مستندات+عقد+شهادات | J92: ذكر | K92: موظف | L92: الجواز الالكتروني | M92: ولاية نهر النيل | N92: عقد عمل خاص | O92: متعاقد | P92: 45211 | Q92: 45942 | R92: 1 | S92: =R92*12 -> 12 | T92: =EDATE(Q92,S92) -> 46307 | U92: =T92-TODAY() -> 159 | V92: خاص | W92: خارجي | X92: الولايات | AB92: 11937793998 | AE92: خدمة مستديمة | AG92: =IF(T93<TODAY(),"منتهي", IF(T93-TODAY()<=30,"ينتهي قريباً", IF(DATEDIF(P93,T93,"Y")>=2,"مستديم","ساري") ) ) -> مستديم
A93: 91 | B93: موظف | C93: موظف | D93: محمد عبد العزيز جعفر أحمد | E93: الادارة الفنية | F93: المشروعات التقنية | I93: ناقص مستندات+شهادات | J93: ذكر | K93: موظف | L93: السجل المدني / البصمة الجنائية | M93: ولاية الخرطوم | N93: عقد عمل خاص | O93: متعاقد | P93: 45242 | Q93: 45973 | R93: 1 | S93: =R93*12 -> 12 | T93: =EDATE(Q93,S93) -> 46338 | U93: =T93-TODAY() -> 190 | V93: خاص | W93: خارجي | X93: الشركة | AE93: خدمة مستديمة | AG93: =IF(T94<TODAY(),"منتهي", IF(T94-TODAY()<=30,"ينتهي قريباً", IF(DATEDIF(P94,T94,"Y")>=2,"مستديم","ساري") ) ) -> مستديم
A94: 92 | B94: موظف | C94: موظف | D94: فخرالدين بشير محمد أحمد | E94: الادارة الفنية | F94: المشروعات التقنية | I94: ناقص شهادات اكاديمية | J94: ذكر | K94: موظف | M94: ولاية الخرطوم | N94: عقد عمل خاص | O94: متعاقد | P94: 45251 | Q94: 45982 | R94: 1 | S94: =R94*12 -> 12 | T94: =EDATE(Q94,S94) -> 46347 | U94: =T94-TODAY() -> 199 | V94: خاص | W94: خارجي | X94: الشركة | Y94: دبلوم | Z94: هندسة ميكانيكا | AA94: 41485 | AB94: 11949143238 | AC94: 33908 | AE94: خدمة مستديمة | AG94: =IF(T95<TODAY(),"منتهي", IF(T95-TODAY()<=30,"ينتهي قريباً", IF(DATEDIF(P95,T95,"Y")>=2,"مستديم","ساري") ) ) -> منتهي
A95: 93 | B95: موظف | C95: موظف | D95: عمر عبدالرحمن محمد عبداللطيف | E95: الادارة الفنية | F95: المشروعات التقنية | I95: ناقص مستندات | J95: ذكر | K95: موظف | L95: المرور | M95: ولاية الخرطوم | N95: عقد عمل خاص | O95: متعاقد | P95: 45323 | Q95: 45689 | R95: 1 | S95: =R95*12 -> 12 | T95: =EDATE(Q95,S95) -> 46054 | U95: =T95-TODAY() -> -94 | V95: السكن ام درمان | W95: داخلي | X95: الشركة | Y95: بكالوريوس | Z95: تقنية معلومات | AA95: 42591 | AE95: خدمة مستديمة | AG95: =IF(T96<TODAY(),"منتهي", IF(T96-TODAY()<=30,"ينتهي قريباً", IF(DATEDIF(P96,T96,"Y")>=2,"مستديم","ساري") ) ) -> منتهي | AH95: ناقص مستندات ثبويتة
A96: 94 | B96: موظف | C96: موظف | D96: سامي عزالدين محمد ابوعلامة | E96: الادارة الفنية | F96: المشروعات التقنية | I96: ناقص مستندات+شهادات | J96: ذكر | K96: موظف | L96: السجون | M96: ولاية الخرطوم | N96: عقد عمل خاص | O96: متعاقد | P96: 45323 | Q96: 45689 | R96: 1 | S96: =R96*12 -> 12 | T96: =EDATE(Q96,S96) -> 46054 | U96: =T96-TODAY() -> -94 | V96: خاص | W96: خارجي | X96: الولايات | Y96: بكالوريوس | Z96: نظم معلومات مكتبية | AA96: 41890 | AB96: 11537735781 | AC96: 33239 | AE96: خدمة مستديمة | AG96: =IF(T97<TODAY(),"منتهي", IF(T97-TODAY()<=30,"ينتهي قريباً", IF(DATEDIF(P97,T97,"Y")>=2,"مستديم","ساري") ) ) -> منتهي
A97: 95 | B97: موظف | C97: موظف | D97: نادر محمد ضو ضو | E97: الادارة الفنية | F97: المشروعات التقنية | I97: ناقص مستندات+شهادات | J97: ذكر | K97: موظف | L97: الشئون الإدارية | M97: ولاية الخرطوم | N97: عقد عمل خاص | O97: متعاقد | P97: 45323 | Q97: 45689 | R97: 1 | S97: =R97*12 -> 12 | T97: =EDATE(Q97,S97) -> 46054 | U97: =T97-TODAY() -> -94 | V97: خاص | W97: خارجي | X97: الولايات | Y97: بكالوريوس | Z97: علوم حاسوب وتكنولوجيا المعلومات | AA97: 39744 | AB97: 11991406729 | AC97: 31048 | AE97: خدمة مستديمة | AG97: =IF(T98<TODAY(),"منتهي", IF(T98-TODAY()<=30,"ينتهي قريباً", IF(DATEDIF(P98,T98,"Y")>=2,"مستديم","ساري") ) ) -> منتهي
A98: 96 | B98: موظف | C98: موظف | D98: المنتصر عبدالله حاج التوم | E98: الادارة الفنية | F98: المشروعات التقنية | I98: ناقص مستندات+ شهادات+عقد | J98: ذكر | K98: موظف | L98: السجل المدني / البصمة الجنائية | M98: ولاية الخرطوم | N98: عقد عمل خاص | O98: متعاقد | P98: 45342 | Q98: 45708 | R98: 1 | S98: =R98*12 -> 12 | T98: =EDATE(Q98,S98) -> 46073 | U98: =T98-TODAY() -> -75 | V98: خاص | W98: خارجي | X98: الشركة | AB98: 11909591576 | AE98: خدمة مستديمة | AG98: =IF(T99<TODAY(),"منتهي", IF(T99-TODAY()<=30,"ينتهي قريباً", IF(DATEDIF(P99,T99,"Y")>=2,"مستديم","ساري") ) ) -> منتهي
A99: 97 | B99: موظف | C99: موظف | D99: عبد الله مصطفي عبدالرحمن محمد | E99: ادارة تطوير الاعمال | I99: مستنادت +شهادات اكاديمية | J99: ذكر | K99: موظف | M99: ولاية الخرطوم | N99: عقد عمل خاص | O99: متعاقد | P99: 45369 | Q99: 45734 | R99: 1 | S99: =R99*12 -> 12 | T99: =EDATE(Q99,S99) -> 46099 | U99: =T99-TODAY() -> -49 | V99: خاص | W99: خارجي | X99: الولايات | Y99: بكالوريوس+ ماجستير | Z99: هندسة كهرباء- الكترونيات وإتصالات | AA99: 34695 | AB99: 10100002799 | AC99: 25900 | AE99: خدمة مستديمة | AG99: =IF(T100<TODAY(),"منتهي", IF(T100-TODAY()<=30,"ينتهي قريباً", IF(DATEDIF(P100,T100,"Y")>=2,"مستديم","ساري") ) ) -> منتهي
A100: 98 | B100: موظف | C100: موظف | D100: ناصر الهادي بابكر محمد | E100: الادارة الفنية | F100: ict | I100: مكتمل | J100: ذكر | K100: موظف | M100: ولاية الخرطوم | N100: عقد عمل خاص | O100: متعاقد | P100: 45413 | Q100: 45778 | R100: 1 | S100: =R100*12 -> 12 | T100: =EDATE(Q100,S100) -> 46143 | U100: =T100-TODAY() -> -5 | V100: خاص | W100: خارجي | X100: الشركة | Y100: باكالوريوس+دبلوم | Z100: علوم حاسوب+دبلوم أدارة اعمال | AA100: 40812 | AB100: 19082673503 | AC100: 27395 | AE100: عقد عمل اول | AG100: =IF(T101<TODAY(),"منتهي", IF(T101-TODAY()<=30,"ينتهي قريباً", IF(DATEDIF(P101,T101,"Y")>=2,"مستديم","ساري") ) ) -> مستديم | AH100: اجازة بدون مرتب
A101: 99 | B101: موظف | C101: موظف | D101: احمد مبارك علي سعيد | E101: الادارة الفنية | I101: ناقص مستندات+شهادات اكاديمية | J101: ذكر | K101: موظف | M101: ولاية الخرطوم | N101: عقد عمل خاص | O101: متعاقد | P101: 45579 | Q101: 45944 | R101: 1 | S101: =R101*12 -> 12 | T101: =EDATE(Q101,S101) -> 46309 | U101: =T101-TODAY() -> 161 | V101: خاص | W101: خارجي | X101: الولايات | AB101: 11985300744 | AC101: 33845 | AE101: خدمة مستديمة | AG101: =IF(T102<TODAY(),"منتهي", IF(T102-TODAY()<=30,"ينتهي قريباً", IF(DATEDIF(P102,T102,"Y")>=2,"مستديم","ساري") ) ) -> مستديم | AH101: ناقص مستندات اكاديمية
...

Sheet الرئيسية

Sheet الحذف
A3: م | B3: التصنيف | C3: الرتبة | D3: الاســــــــــــــــــــــــــــم | E3: الادارة | F3: القسم | G3: ملحوظة | H3: النوع | I3: المشروع | J3: مكان التواجد | K3: الوضع الاداري | L3: الجهة الملحق / المنتدب منه | M3: اول عقد | N3: البداية | O3: مدة العقد | P3: عدد ايام العقد | Q3: نهاية العقد | R3: مدة العقد بالسنين | S3: عدد الشهور | T3: نهاية العقد | U3: عدد الايام المتبقية | V3: مكان السكن | W3: الغرفة | X3: تصنيف السكن | Y3: الوضع الحال | Z3: الراتب | AA3: تنبيه
A4: 107 | B4: متدرب | C4: متدرب | D4: محمد ياسر محمد ادريس | E4: الادارة الفنية | F4: الصيانة | H4: ذكر | J4: ولاية البحر الأحمر | K4: تدريب | M4: 45498 | N4: 45613 | O4: شهر | P4: =IF($O4<>"",VLOOKUP($O4,{"شهر","30 ";"شهرين","60";"ثلاثة شهور","90";"ثمانية شهور","240";"أربعة شهور","120";"ستة شهور","180";"سنة","360";"سبعة شهور","210";"تسعة شهور","270";"خمسة شهور","150";"عشرة شهور","300";"احدي عشر شهر","330"},2,0),"") -> 30 | Q4: =DATE(YEAR(N4),MONTH(N4)+(P4/30),DAY(N4)) -> 45643 | R4: 1 | S4: =R4*12 -> 12 | T4: 45643 | U4: =T4-TODAY() -> -505 | V4: خاص | X4: خارجي | Y4: الشركة | AA4: =IF(TODAY()>=T4,"انتهي العقد",IF(T4<=TODAY()+29,"متبقي أقل من شهر","")) -> انتهي العقد
A5: 108 | B5: متدرب | C5: متدرب | D5: مجتبى الطيب احمد عمر | E5: الادارة الفنية | F5: المشروعات التقنية | H5: ذكر | I5: السجون | J5: ولاية البحر الأحمر | K5: تدريب | M5: 45413 | N5: 45597 | O5: شهر | P5: =IF($O5<>"",VLOOKUP($O5,{"شهر","30 ";"شهرين","60";"ثلاثة شهور","90";"ثمانية شهور","240";"أربعة شهور","120";"ستة شهور","180";"سنة","360";"سبعة شهور","210";"تسعة شهور","270";"خمسة شهور","150";"عشرة شهور","300";"احدي عشر شهر","330"},2,0),"") -> 30 | Q5: =DATE(YEAR(N5),MONTH(N5)+(P5/30),DAY(N5)) -> 45627 | R5: 1 | S5: =R5*12 -> 12 | T5: 45627 | U5: =T5-TODAY() -> -521 | V5: خاص | X5: خارجي | Y5: الشركة | AA5: =IF(TODAY()>=T5,"انتهي العقد",IF(T5<=TODAY()+29,"متبقي أقل من شهر","")) -> انتهي العقد
A6: 110 | B6: متدرب | C6: متدرب | D6: تيسير حمزه محمد عثمان بابكر | E6: الادارة الفنية | F6: المشروعات التقنية | H6: انثي | I6: المرور | J6: ولاية نهر النيل | K6: تدريب | M6: 45564 | N6: 45564 | O6: 1 | P6: =O6*12 -> 12 | Q6: 45625 | R6: =Q6-TODAY() -> -523 | S6: خاص | U6: خارجي | V6: الولايات | X6: =IF(TODAY()>=Q6,"انتهي العقد",IF(Q6<=TODAY()+29,"متبقي أقل من شهر","")) -> انتهي العقد
A7: 87 | B7: موظف | C7: موظف | D7: محمد عثمان أحمد محمد | E7: الادارة الفنية | H7: ذكر | J7: ولاية البحر الأحمر | K7: عقد عمل خاص | M7: 45222 | N7: 45609 | O7: 1 | P7: =O7*12 -> 12 | Q7: =EDATE(N7,P7) -> 45974 | R7: =Q7-TODAY() -> -174 | S7: السكن (ب) | U7: داخلي | V7: الشركة | X7: =IF(TODAY()>=Q7,"انتهي العقد",IF(Q7<=TODAY()+29,"متبقي أقل من شهر","")) -> انتهي العقد
A8: 106 | B8: متدرب | C8: متدرب | D8: محمد الصادق الفاضل سليمان | E8: الادارة الفنية | F8: المشروعات التقنية | H8: ذكر | I8: ايصالات الشرطة | J8: ولاية البحر الأحمر | K8: تدريب | M8: 45512 | N8: 45604 | O8: 1 | P8: =O8*12 -> 12 | Q8: 45696 | R8: =Q8-TODAY() -> -452 | S8: خاص | U8: خارجي | V8: الشركة | X8: =IF(TODAY()>=Q8,"انتهي العقد",IF(Q8<=TODAY()+29,"متبقي أقل من شهر","")) -> انتهي العقد
A9: 19 | B9: ضابط | C9: رائد شرطة | D9: الشيخ ناصر الشيخ ناصر | E9: الادارة الفنية | H9: ذكر | J9: ولاية البحر الأحمر | K9: منتدب | L9: الادارة العامة للحوسبة والاتصالات | M9: 44976 | N9: 45643 | O9: 4 | P9: =O9*12 -> 48 | Q9: =EDATE(N9,P9) -> 47104 | R9: =Q9-TODAY() -> 956 | S9: السكن (ب) | U9: داخلي | V9: الولايات | X9: =IF(TODAY()>=Q9,"انتهي العقد",IF(Q9<=TODAY()+29,"متبقي أقل من شهر",""))
A10: 107 | B10: متدرب | C10: متدرب | D10: خالد عمر احمد ابراهيم | E10: الادارة الفنية | H10: ذكر | J10: ولاية البحر الأحمر | K10: تدريب | M10: 45629 | N10: 45629 | O10: 1 | P10: =O10*12 -> 12 | Q10: 45718 | R10: =Q10-TODAY() -> -430 | S10: خاص | U10: خارجي | V10: الشركة | X10: =IF(TODAY()>=Q10,"انتهي العقد",IF(Q10<=TODAY()+29,"متبقي أقل من شهر","")) -> انتهي العقد
A11: 109 | B11: متدرب | C11: متدرب | D11: احمد عاطف محمد بسطان | E11: الادارة الفنية | H11: ذكر | J11: ولاية البحر الأحمر | K11: تدريب | M11: 45671 | N11: 45671 | O11: 1 | P11: =O11*12 -> 12 | Q11: 45759 | R11: =Q11-TODAY() -> -389 | S11: خاص | T11: خارجي | U11: الشركة | W11: تم ايقاف التدريب 8/3/2025
A12: 119 | B12: متدرب | C12: متدرب | D12: صالح دفع الله محمد عبد الله | E12: الادارة الفنية | H12: ذكر | K12: ولاية البحر الأحمر | L12: تدريب | N12: 45789 | O12: 45789 | P12: 1 | Q12: =P12*12 -> 12 | R12: 45882 | S12: =R12-TODAY() -> -266 | T12: خاص | U12: خارجي | V12: الشركة | X12: =IF(R12<TODAY(),"منتهي",IF(R12-TODAY()>=30,"ساري","ينتهي قريباً")) -> منتهي | AA12: 43 يوم
A13: 101 | B13: موظف | C13: موظف | D13: عصمت علي ادريس محمد | E13: الادارة الفنية | F13: المشروعات التقنية | H13: ذكر | I13: الجواز الالكتروني | J13: ولاية كسلا | K13: عقد عمل خاص | M13: 45582 | N13: 45582 | O13: 1 | P13: =O13*12 -> 12 | Q13: =EDATE(N13,P13) -> 45947 | R13: =Q13-TODAY() -> -201 | S13: خاص | T13: خارجي | U13: الولايات | W13: استقالة بتاريخ 26/03/2025
A14: 114 | B14: متدرب | C14: متدرب | D14: محمد الفاتح محمد عبدالله | E14: الادارة الفنية | H14: ذكر | K14: ولاية البحر الأحمر | L14: تدريب | N14: 45615 | O14: 45707 | P14: 1 | Q14: =P14*12 -> 12 | R14: 45795 | S14: =R14-TODAY() -> -353 | T14: خاص | U14: خارجي | V14: الشركة | X14: =IF(R14<TODAY(),"منتهي",IF(R14-TODAY()>=30,"ساري","ينتهي قريباً")) -> منتهي
A15: =_xlfn.AGGREGATE(3,5, $A$2:A14) -> 12 | B15: متدرب | C15: متدرب | D15: احمد المصطفي فيصل كباشي محمد | E15: الادارة الفنية | H15: ذكر | I15: متدرب | K15: ولاية البحر الأحمر | L15: تدريب | N15: 45652 | O15: 45742 | P15: 1 | Q15: =P15*12 -> 12 | R15: 45834 | S15: =R15-TODAY() -> -314 | U15: خاص | V15: خارجي | W15: الشركة | Y15: =IF(R15<TODAY(),"منتهي",IF(R15-TODAY()>=30,"ساري","ينتهي قريباً")) -> منتهي
A16: =_xlfn.AGGREGATE(3,5, $A$2:A15) -> 13 | B16: متدرب | C16: متدرب | D16: علا عيسي مهدي محمد | E16: ادارة الشئون المالية | H16: انثي | I16: متدرب | K16: ولاية البحر الأحمر | L16: تدريب | N16: 45789 | O16: 45789 | P16: 1 | Q16: =P16*12 -> 12 | R16: 45880 | S16: =R16-TODAY() -> -268 | U16: خاص | V16: خارجي | W16: الشركة | X16: 45847 | Y16: =IF(R16<TODAY(),"منتهي",IF(R16-TODAY()>=30,"ساري","ينتهي قريباً")) -> منتهي | AB16: 43 يوم
A17: =_xlfn.AGGREGATE(3,5, $A$2:A16) -> 14 | B17: موظف | C17: موظف | D17: أحمد الفاضل الحاج فضل | E17: الادارة الفنية | F17: الشروعات التقنية | I17: شهادات اكاديمية | J17: ذكر | K17: موظف | L17: السجل المدني / البصمة الجنائية | M17: ولاية البحر الأحمر | N17: عقد عمل خاص | P17: 45242 | Q17: 45608 | R17: 1 | S17: =R17*12 -> 12 | T17: =EDATE(Q17,S17) -> 45973 | U17: =T17-TODAY() -> -175 | W17: السكن (أ) | X17: 45823 | Y17: الشركة | AA17: =IF(T17<TODAY(),"منتهي",IF(T17-TODAY()>=30,"ساري","ينتهي قريباً")) -> منتهي
A18: =_xlfn.AGGREGATE(3,5, $A$2:A17) -> 15 | B18: موظف | C18: موظف | D18: مثاني ياسر عبدالرحمن عليش | E18: الادارة الفنية | F18: المشروعات التقنية | I18: ناقص مستندات+شهادات اكاديمية | J18: انثي | K18: موظف | L18: الشئون الإدارية | M18: ولاية البحر الأحمر | N18: عقد عمل خاص | P18: 45553 | Q18: 45553 | R18: 1 | S18: =R18*12 -> 12 | T18: =EDATE(Q18,S18) -> 45918 | U18: =T18-TODAY() -> -230 | W18: خاص | X18: خارجي | Y18: الشركة | AA18: =IF(T18<TODAY(),"منتهي",IF(T18-TODAY()>=30,"ساري","ينتهي قريباً")) -> منتهي
A19: =_xlfn.AGGREGATE(3,5, $A$2:A18) -> 16 | B19: متدرب | C19: متدرب | D19: احمد سفيان عبد الوهاب حمد | E19: الادارة الفنية | J19: ذكر | K19: متدرب | M19: ولاية الخرطوم | N19: تدريب | P19: 45789 | Q19: =EDATE(P19, 24) -> 46519 | R19: 45789 | S19: 1 | T19: =S19*12 -> 12 | U19: 45882 | V19: =U19-TODAY() -> -266 | W19: =DATEDIF(P19, TODAY(), "Y") -> 0 | X19: خاص | Y19: خارجي | Z19: الشركة | AB19: =IF(U19<TODAY(),"منتهي",IF(U19-TODAY()>=30,"ساري","ينتهي قريباً")) -> منتهي | AE19: 43 يوم
A20: =_xlfn.AGGREGATE(3,5, $A$2:A19) -> 17 | B20: ضابط | C20: عقيد شرطة | D20: محمد ميرغني عبد الرحمن نميري | E20: الإدارة العليا | G20: الثالثة | J20: ذكر | K20: المدير العام | M20: ولاية البحر الأحمر | N20: منتدب | O20: رئاسة الشرطة | P20: 44346 | Q20: =EDATE(P20, 24) -> 45076 | R20: 45643 | S20: 4 | T20: =S20*12 -> 48 | U20: =EDATE(R20,T20) -> 47104 | V20: =U20-TODAY() -> 956 | W20: 14/10/2025 | X20: السكن (ج) | Y20: داخلي | Z20: الشركة | AB20: =IF(U20<TODAY(),"منتهي",IF(U20-TODAY()>=30,"ساري","ينتهي قريباً")) -> ساري
A21: =_xlfn.AGGREGATE(3,5, $A$2:A20) -> 18 | B21: صف ضابط | C21: رقيب اول شرطة | D21: هشام هاشم علي طه | E21: ادارة الشئون الادارية | F21: الدعم اللوجستي | G21: الحادية عشر | J21: ذكر | K21: سائق | M21: ولاية البحر الأحمر | N21: منتدب | O21: الادارة العامة للشئون المالية | P21: 44934 | Q21: =EDATE(P21, 24) -> 45665 | R21: 45643 | S21: 4 | T21: =S21*12 -> 48 | U21: =EDATE(R21,T21) -> 47104 | V21: =U21-TODAY() -> 956 | W21: =DATEDIF(P21, TODAY(), "Y") -> 3 | X21: السكن (ب) | Y21: داخلي | Z21: الشركة | AB21: =IF(U21<TODAY(),"منتهي",IF(U21-TODAY()>=30,"ساري","ينتهي قريباً")) -> ساري
A22: 106 | B22: موظف | C22: موظف | D22: بدر الدين عثمان متولي علي | E22: الادارة الفنية | J22: ذكر | K22: موظف | M22: خارج السودان | N22: عقد عمل خاص | P22: 45791 | Q22: =EDATE(P22, 24) -> 46521 | R22: 45791 | S22: 1 | T22: =S22*12 -> 12 | U22: =EDATE(R22,T22) -> 46156 | V22: =U22-TODAY() -> 8 | W22: =DATEDIF(P22, TODAY(), "Y") -> 0 | X22: خاص | Y22: خارجي | Z22: خارج السودان | AA22: 45850 | AD22: =IF(U22<TODAY(),"منتهي",IF(U22-TODAY()>=30,"ساري","ينتهي قريباً")) -> ينتهي قريباً
A23: 119 | B23: متدرب | C23: متدرب | D23: مازن عبدالرحمن احمد محمد | E23: الادارة الفنية | J23: ذكر | K23: متدرب | M23: ولاية البحر الأحمر | N23: تدريب | P23: 45879 | Q23: =EDATE(P23, 24) -> 46609 | R23: 45971 | S23: 1 | T23: =S23*12 -> 12 | U23: 46001 | V23: =U23-TODAY() -> -147 | W23: =DATEDIF(P23, TODAY(), "Y") -> 0 | X23: خاص | Y23: خارجي | Z23: الشركة | AD23: =IF(U23<TODAY(),"منتهي",IF(U23-TODAY()>=30,"ساري","ينتهي قريباً")) -> منتهي
A24: 120 | B24: متدرب | C24: متدرب | D24: الطاهر محمد احمد ابكر | E24: الادارة الفنية | J24: ذكر | K24: متدرب | M24: ولاية الخرطوم | N24: تدريب | P24: 45848 | Q24: =EDATE(P24, 24) -> 46578 | R24: 45939 | S24: 1 | T24: =S24*12 -> 12 | U24: 46030 | V24: =U24-TODAY() -> -118 | W24: =DATEDIF(P24, TODAY(), "Y") -> 0 | X24: خاص | Y24: خارجي | Z24: الشركة | AD24: =IF(U24<TODAY(),"منتهي",IF(U24-TODAY()>=30,"ساري","ينتهي قريباً")) -> منتهي
A25: 57 | B25: موظف | C25: موظف | D25: ايمن عوض النيل ضحية | E25: الادارة الفنية | F25: المشروعات التقنية | J25: ناقص مستندات+شهادات اكاديمية | K25: ذكر | L25: موظف | M25: الجواز الدبلوماسي | N25: ولاية البحر الأحمر | O25: عقد عمل خاص | P25: فصل عن العمل للغياب | Q25: 44979 | R25: =EDATE(Q25, 24) -> 45710 | S25: 45710 | T25: 1 | U25: =T25*12 -> 12 | V25: =EDATE(S25,U25) -> 46075 | W25: =V25-TODAY() -> -73 | X25: =DATEDIF(Q25, TODAY(), "Y") -> 3 | Y25: خاص | Z25: خارجي | AA25: الشركة | AD25: 211641.44 | AE25: =IF(V25<TODAY(),"منتهي",IF(V25-TODAY()>=30,"ساري","ينتهي قريباً")) -> منتهي
A26: 113 | B26: موظف | C26: موظف | D26: عبدالباقي أحمد عثمان عمر | E26: ادارة تطوير الاعمال | K26: ذكر | L26: موظف | N26: خارج السودان | O26: عقد عمل خاص | P26: فصل للعمل لعدم الحوجة | Q26: 45824 | R26: =EDATE(Q26, 24) -> 46554 | S26: 45824 | T26: 1 | U26: =T26*12 -> 12 | V26: =EDATE(S26,U26) -> 46189 | W26: =V26-TODAY() -> 41 | X26: =DATEDIF(Q26, TODAY(), "Y") -> 0 | Y26: خاص | Z26: خارجي | AA26: خارج السودان | AE26: =IF(V26<TODAY(),"منتهي",IF(V26-TODAY()>=30,"ساري","ينتهي قريباً")) -> ساري

Sheet التوزيعات بالعمل
B2: ل
B3: م | C3: الادارة | D3: الضباط | E3: ضباط الصف | F3: الموظفين | G3: الجملة
B4: 1 | C4: الإدارة العليا | D4: =COUNTIFS(السجل!$E$3:$E$904,"الادارة العليا",السجل!$B$3:$B$904,"ضابط") -> 1 | E4: =COUNTIFS(السجل!$E$3:$E$904,"الادارة العليا",السجل!$B$3:$B$904,"صف ضابط") -> 0 | F4: =COUNTIFS(السجل!$E$3:$E$904,"الادارة العليا",السجل!$B$3:$B$904,"موظف") -> 0 | G4: =SUM(D4:F4) -> 1
B5: 3 | C5: الادارة الفنية | D5: =COUNTIFS(السجل!$E$3:$E$904,"الادارة الفنية",السجل!$B$3:$B$904,"ضابط") -> 18 | E5: =COUNTIFS(السجل!$E$3:$E$904,"الادارة الفنية",السجل!$B$3:$B$904,"صف ضابط") -> 4 | F5: =COUNTIFS(السجل!$E$3:$E$904,"الادارة الفنية",السجل!$B$3:$B$904,"موظف") -> 54 | G5: =SUM(D5:F5) -> 76
B6: 2 | C6: ادارة تطوير الاعمال | D6: =COUNTIFS(السجل!$E$3:$E$904,"ادارة تطوير الاعمال",السجل!$B$3:$B$904,"ضابط") -> 4 | E6: =COUNTIFS(السجل!$E$3:$E$904,"ادارة تطوير الاعمال",السجل!$B$3:$B$904,"صف ضابط") -> 2 | F6: =COUNTIFS(السجل!$E$3:$E$904,"ادارة تطوير الاعمال",السجل!$B$3:$B$904,"موظف") -> 2 | G6: =SUM(D6:F6) -> 8
B7: 4 | C7: ادارة المراجعة الداخلية | D7: =COUNTIFS(السجل!$E$3:$E$904,"ادارة المراجعة الداخلية",السجل!$B$3:$B$904,"ضابط") -> 1 | E7: =COUNTIFS(السجل!$E$3:$E$904,"ادارة المراجعة الداخلية",السجل!$B$3:$B$904,"صف ضابط") -> 1 | F7: =COUNTIFS(السجل!$E$3:$E$904,"ادارة المراجعة الداخلية",السجل!$B$3:$B$904,"موظف") -> 0 | G7: =SUM(D7:F7) -> 2
B8: 5 | C8: ادارة الشئون الادارية | D8: =COUNTIFS(السجل!$E$3:$E$904,"ادارة الشئون الادارية",السجل!$B$3:$B$904,"ضابط") -> 2 | E8: =COUNTIFS(السجل!$E$3:$E$904,"ادارة الشئون الادارية",السجل!$B$3:$B$904,"صف ضابط") -> 8 | F8: =COUNTIFS(السجل!$E$3:$E$904,"ادارة الشئون الادارية",السجل!$B$3:$B$904,"موظف") -> 17 | G8: =SUM(D8:F8) -> 27
B9: 6 | C9: ادارة الشئون المالية | D9: =COUNTIFS(السجل!$E$3:$E$904,"ادارة الشئون المالية",السجل!$B$3:$B$904,"ضابط") -> 2 | E9: =COUNTIFS(السجل!$E$3:$E$904,"ادارة الشئون المالية",السجل!$B$3:$B$904,"صف ضابط") -> 2 | F9: =COUNTIFS(السجل!$E$3:$E$904,"ادارة الشئون المالية",السجل!$B$3:$B$904,"موظف") -> 2 | G9: =SUM(D9:F9) -> 6
B10: 7 | C10: ادارة التخطيط والجودة | D10: =COUNTIFS(السجل!$E$3:$E$904,"ادارة التخطيط والجودة",السجل!$B$3:$B$904,"ضابط") -> 0 | E10: =COUNTIFS(السجل!$E$3:$E$904,"ادارة التخطيط والجودة",السجل!$B$3:$B$904,"صف ضابط") -> 0 | F10: =COUNTIFS(السجل!$E$3:$E$904,"ادارة التخطيط والجودة",السجل!$B$3:$B$904,"موظف") -> 0 | G10: =SUM(D10:F10) -> 0
B11: 8 | C11: ادارة الشئون القانونية | D11: =COUNTIFS(السجل!$E$3:$E$904,"ادارة الشئون القانونية",السجل!$B$3:$B$904,"ضابط") -> 1 | E11: =COUNTIFS(السجل!$E$3:$E$904,"ادارة الشئون القانونية",السجل!$B$3:$B$904,"صف ضابط") -> 0 | F11: =COUNTIFS(السجل!$E$3:$E$904,"ادارة الشئون القانونية",السجل!$B$3:$B$904,"موظف") -> 0 | G11: =SUM(D11:F11) -> 1
B12: 9 | C12: المكتب التنفيذي | D12: =COUNTIFS(السجل!$E$3:$E$904,"المكتب التنفيذي",السجل!$B$3:$B$904,"ضابط") -> 2 | E12: =COUNTIFS(السجل!$E$3:$E$904,"المكتب التنفيذي",السجل!$B$3:$B$904,"صف ضابط") -> 1 | F12: =COUNTIFS(السجل!$E$3:$E$904,"المكتب التنفيذي",السجل!$B$3:$B$904,"موظف") -> 1 | G12: =SUM(D12:F12) -> 4
C13: الجملة | D13: =SUM(D4:D12) -> 31 | E13: =SUM(E4:E12) -> 18 | F13: =SUM(F4:F12) -> 76 | G13: =SUM(G4:G12) -> 125
B14: التوزيع حسب مكان التواجد
B15: م | C15: الولاية | D15: الضباط | E15: ضباط الصف | F15: الموظفين | G15: الجملة
B16: 1 | C16: ولاية البحر الأحمر | D16: =COUNTIFS(السجل!$M$3:$M$904,"ولاية البحر الأحمر",السجل!$B$3:$B$904,"ضابط") -> 4 | E16: =COUNTIFS(السجل!$M$3:$M$904,"ولاية البحر الأحمر",السجل!$B$3:$B$904,"صف ضابط") -> 2 | F16: =COUNTIFS(السجل!$M$3:$M$904,"ولاية البحر الأحمر",السجل!$B$3:$B$904,"موظف") -> 5 | G16: =SUM(D16:F16) -> 11
B17: 2 | C17: ولاية الخرطوم | D17: =COUNTIFS(السجل!$M$3:$M$904,"ولاية الخرطوم",السجل!$B$3:$B$904,"ضابط") -> 23 | E17: =COUNTIFS(السجل!$M$3:$M$904,"ولاية الخرطوم",السجل!$B$3:$B$904,"صف ضابط") -> 15 | F17: =COUNTIFS(السجل!$M$3:$M$904,"ولاية الخرطوم",السجل!$B$3:$B$904,"موظف") -> 61 | G17: =SUM(D17:F17) -> 99
B18: 3 | C18: ولاية كسلا | D18: =COUNTIFS(السجل!$M$3:$M$904,"ولاية كسلا",السجل!$B$3:$B$904,"ضابط") -> 0 | E18: =COUNTIFS(السجل!$M$3:$M$904,"ولاية كسلا",السجل!$B$3:$B$904,"صف ضابط") -> 1 | F18: =COUNTIFS(السجل!$M$3:$M$904,"ولاية كسلا",السجل!$B$3:$B$904,"موظف") -> 0 | G18: =SUM(D18:F18) -> 1
B19: 4 | C19: ولاية نهر النيل | D19: =COUNTIFS(السجل!$M$3:$M$904,"ولاية نهر النيل",السجل!$B$3:$B$904,"ضابط") -> 0 | E19: =COUNTIFS(السجل!$M$3:$M$904,"ولاية نهر النيل",السجل!$B$3:$B$904,"صف ضابط") -> 0 | F19: =COUNTIFS(السجل!$M$3:$M$904,"ولاية نهر النيل",السجل!$B$3:$B$904,"موظف") -> 3 | G19: =SUM(D19:F19) -> 3
B20: 5 | C20: الولاية الشمالية | D20: =COUNTIFS(السجل!$M$3:$M$904,"الولاية الشمالية",السجل!$B$3:$B$904,"ضابط") -> 1 | E20: =COUNTIFS(السجل!$M$3:$M$904,"الولاية الشمالية",السجل!$B$3:$B$904,"صف ضابط") -> 0 | F20: =COUNTIFS(السجل!$M$3:$M$904,"الولاية الشمالية",السجل!$B$3:$B$904,"موظف") -> 1 | G20: =SUM(D20:F20) -> 2
B21: 6 | C21: ولاية النيل الأبيض | D21: =COUNTIFS(السجل!$M$3:$M$904,"ولاية النيل الابيض",السجل!$B$3:$B$904,"ضابط") -> 1 | E21: =COUNTIFS(السجل!$M$3:$M$904,"ولاية النيل الابيض",السجل!$B$3:$B$904,"صف ضابط") -> 0 | F21: =COUNTIFS(السجل!$M$3:$M$904,"ولاية النيل الابيض",السجل!$B$3:$B$904,"موظف") -> 1 | G21: =SUM(D21:F21) -> 2
B22: 7 | C22: ولاية سنار | D22: =COUNTIFS(السجل!$M$3:$M$904,"ولاية سنار,السجل!$B$3:$B$900,""ضابط") -> 0 | E22: =COUNTIFS(السجل!$M$3:$M$904,"ولاية سنار,السجل!$B$3:$B$900,""صف ضابط") -> 0 | F22: =COUNTIFS(السجل!$M$3:$M$904,"ولاية سنار",السجل!$B$3:$B$904,"موظف") -> 1 | G22: =SUM(D22:F22) -> 1
C23: ولاية الجزيرة | D23: =COUNTIFS(السجل!$M$3:$M$904,"ولاية الجزيرة",السجل!$B$3:$B$904,"ضابط") -> 1 | E23: =COUNTIFS(السجل!$M$3:$M$904,"ولاية الجزيرة,السجل!$B$3:$B$900,""صف ضابط") -> 0 | F23: =COUNTIFS(السجل!$M$3:$M$904,"ولاية الجزيرة",السجل!$B$3:$B$904,"موظف") -> 1 | G23: =SUM(D23:F23) -> 2
B24: 8 | C24: ولاية النيل الازرق | D24: =COUNTIFS(السجل!$M$3:$M$904,"ولاية النيل الازرق",السجل!$B$3:$B$904,"ضابط") -> 0 | E24: =COUNTIFS(السجل!$M$3:$M$904,"ولاية النيل الازرق",السجل!$B$3:$B$904,"صف ضابط") -> 0 | F24: =COUNTIFS(السجل!$M$3:$M$904,"ولاية النيل الازرق",السجل!$B$3:$B$904,"موظف") -> 1 | G24: =SUM(D24:F24) -> 1
B25: 9 | C25: خارج السودان | D25: =COUNTIFS(السجل!$M$3:$M$904,"خارج السودان",السجل!$B$3:$B$904,"ضابط") -> 1 | E25: =COUNTIFS(السجل!$M$3:$M$904,"خارج السودان",السجل!$B$3:$B$904,"صف ضابط") -> 0 | F25: =COUNTIFS(السجل!$M$3:$M$904,"خارج السودان",السجل!$B$3:$B$904,"موظف") -> 3 | G25: =SUM(D25:F25) -> 4
C26: الجملة | D26: =SUM(D16:D25) -> 31 | E26: =SUM(E16:E25) -> 18 | F26: =SUM(F16:F25) -> 77 | G26: =SUM(G16:G25) -> 126
B27: التوزيع حسب السكن بولاية البحر الأحمر
B28: م | C28: نوع السكن | D28: الضباط | E28: ضباط الصف | F28: الموظفين | G28: الجملة
B29: 1 | C29: داخلي | D29: =COUNTIFS(السجل!$W$3:$W$904,"داخلي",السجل!$B$3:$B$904,"ضابط",السجل!$M$3:$M$904,"ولاية البحر الاحمر+ولاية الخرطوم+ولاية نهر النيل") -> 0 | E29: =COUNTIFS(السجل!$W$3:$W$904,"داخلي",السجل!$B$3:$B$904,"ضابط صف",السجل!$M$3:$M$904,"ولاية البحر الاحمر+ولاية الخرطوم+ولاية نهر النيل") -> 0 | F29: =COUNTIFS(السجل!$W$3:$W$904,"خارجي",السجل!$B$3:$B$904,"موظف",السجل!$M$3:$M$904,"ولاية البحر الاحمر+ولاية الخرطوم+ولاية نهر النيل") -> 0 | G29: =SUM(D29:F29) -> 0
B30: 2 | C30: خارجي | D30: =COUNTIFS(السجل!$W$3:$W$904,"داخلي",السجل!$B$3:$B$904,"ضابط",السجل!$M$3:$M$904,"ولاية البحر الاحمر+ولاية الخرطوم+ولاية نهر النيل") -> 0 | E30: =COUNTIFS(السجل!$W$3:$W$904,"خارجي",السجل!$B$3:$B$904,"صف ضابط",السجل!$M$3:$M$904,"ولاية البحر الاحمر") -> 0 | F30: =COUNTIFS(السجل!$W$3:$W$904,"داخلي",السجل!$B$3:$B$904,"موظف",السجل!$M$3:$M$904,"ولاية البحر الاحمر+ولاية الخرطوم+ولاية نهر النيل") -> 0 | G30: =SUM(D30:F30) -> 0
C31: الجملة | D31: =SUM(D29:D30) -> 0 | E31: =SUM(E29:E30) -> 0 | F31: =SUM(F29:F30) -> 0 | G31: =SUM(G29:G30) -> 0
B32: التوزيع حسب موقف العمل
B33: م | C33: التصنيف | D33: الضباط | E33: ضباط الصف | F33: الموظفين | G33: الجملة
B34: 1 | C34: الاصـــل | D34: =COUNTIFS(السجل!$B$3:$B$904,"ضابط") -> 31 | E34: =COUNTIFS(السجل!$B$3:$B$904,"صف ضابط") -> 18 | F34: =COUNTIFS(السجل!$B$3:$B$904,"موظف") -> 77 | G34: =SUM(D34:F34) -> 126
B35: 2 | C35: في الشركة | D35: =COUNTIFS(السجل!$X$3:$X$904,"الشركة",السجل!$B$3:$B$904,"ضابط") -> 23 | E35: =COUNTIFS(السجل!$X$3:$X$904,"الشركة",السجل!$B$3:$B$904,"صف ضابط") -> 9 | F35: =COUNTIFS(السجل!$X$3:$X$904,"الشركة",السجل!$B$3:$B$904,"موظف") -> 39 | G35: =SUM(D35:F35) -> 71
B36: 3 | C36: بالولايات | D36: =COUNTIFS(السجل!$X$3:$X$904,"الولايات",السجل!$B$3:$B$904,"ضابط") -> 7 | E36: =COUNTIFS(السجل!$X$3:$X$904,"الولايات",السجل!$B$3:$B$904,"صف ضابط") -> 9 | F36: =COUNTIFS(السجل!$X$3:$X$904,"الولايات",السجل!$B$3:$B$904,"موظف") -> 35 | G36: =SUM(D36:F36) -> 51
B37: 3 | C37: خارج السودان | D37: =COUNTIFS(السجل!$X$3:$X$904,"خارج السودان",السجل!$B$3:$B$904,"ضابط") -> 1 | E37: =COUNTIFS(السجل!$X$3:$X$904,"خارج السودان",السجل!$B$3:$B$904,"صف ضابط") -> 0 | F37: =COUNTIFS(السجل!$X$3:$X$904,"خارج السودان",السجل!$B$3:$B$904,"موظف") -> 3 | G37: =SUM(D37:F37) -> 4
B38: التوزيع موقف الإسكان بولاية البحر الأحمر
B39: م | C39: مكان السكن | D39: الضباط | E39: ضباط الصف | F39: الموظفين | G39: الجملة
B40: 1 | C40: السكن (أ) | D40: =COUNTIFS(السجل!$V$3:$V$904,"السكن (أ)",السجل!$B$3:$B$904,"ضابط",السجل!$M$3:$M$904,"ولاية البحر الاحمر") -> 0 | E40: =COUNTIFS(السجل!$V$3:$V$904,"السكن (أ)",السجل!$B$3:$B$904,"صف ضابط",السجل!$M$3:$M$904,"ولاية البحر الاحمر") -> 0 | F40: =COUNTIFS(السجل!$V$3:$V$904,"السكن (أ)",السجل!$B$3:$B$904,"موظف",السجل!$M$3:$M$904,"ولاية البحر الاحمر") -> 0 | G40: =SUM(D40:F40) -> 0
B41: 2 | C41: السكن (ب) | D41: =COUNTIFS(السجل!$V$3:$V$904,"السكن (ب)",السجل!$B$3:$B$904,"ضابط",السجل!$M$3:$M$904,"ولاية البحر الاحمر") -> 0 | E41: =COUNTIFS(السجل!$V$3:$V$904,"السكن (ب)",السجل!$B$3:$B$904,"صف ضابط",السجل!$M$3:$M$904,"ولاية البحر الاحمر") -> 0 | F41: =COUNTIFS(السجل!$V$3:$V$904,"السكن (ب)",السجل!$B$3:$B$904,"موظف",السجل!$M$3:$M$904,"ولاية البحر الاحمر") -> 0 | G41: =SUM(D41:F41) -> 0
B42: 3 | C42: السكن (ج) | D42: =COUNTIFS(السجل!$V$3:$V$904,"السكن (ج)",السجل!$B$3:$B$904,"ضابط",السجل!$M$3:$M$904,"ولاية البحر الاحمر") -> 0 | E42: =COUNTIFS(السجل!$V$3:$V$904,"السكن (ج)",السجل!$B$3:$B$904,"صف ضابط",السجل!$M$3:$M$904,"ولاية البحر الاحمر") -> 0 | F42: =COUNTIFS(السجل!$V$3:$V$904,"السكن (ج)",السجل!$B$3:$B$904,"موظف",السجل!$M$3:$M$904,"ولاية البحر الاحمر") -> 0 | G42: =SUM(D42:F42) -> 0
B43: 4 | C43: السكن (د) | D43: =COUNTIFS(السجل!$V$3:$V$904,"السكن (د)",السجل!$B$3:$B$904,"ضابط",السجل!$M$3:$M$904,"ولاية الخرطوم") -> 0 | E43: =COUNTIFS(السجل!$V$3:$V$904,"السكن (د)",السجل!$B$3:$B$904,"صف ضابط",السجل!$M$3:$M$904,"ولاية الخرطوم") -> 0 | F43: =COUNTIFS(السجل!$V$3:$V$904,"السكن (د)",السجل!$B$3:$B$904,"موظف",السجل!$M$3:$M$904,"ولاية الخرطوم") -> 0 | G43: =SUM(D43:F43) -> 0
B44: 5 | C44: خاص | D44: =COUNTIFS(السجل!$V$3:$V$904,"خاص",السجل!$B$3:$B$904,"ضابط",السجل!$M$3:$M$904,"ولاية البحر الاحمر") -> 2 | E44: =COUNTIFS(السجل!$V$3:$V$904,"خاص",السجل!$B$3:$B$904,"صف ضابط",السجل!$M$3:$M$904,"ولاية البحر الاحمر") -> 0 | F44: =COUNTIFS(السجل!$V$3:$V$904,"خاص",السجل!$B$3:$B$904,"موظف",السجل!$M$3:$M$904,"ولاية البحر الاحمر") -> 4 | G44: =SUM(D44:F44) -> 6
C45: الجملة | D45: =SUM(D40:D44) -> 2 | E45: =SUM(E40:E44) -> 0 | F45: =SUM(F40:F44) -> 4 | G45: =SUM(G40:G44) -> 6
B46: توزيع (الضباط - ضباط الصف - الجنود) حسب الالحاق / الانتداب/منقول
B47: م | C47: نوع الانتساب | D47: الضباط | E47: ضباط الصف | G47: الجملة
B48: 1 | C48: منتدب | D48: =COUNTIFS(السجل!$N$3:$N$904,"منتدب",السجل!$B$3:$B$904,"ضابط") -> 29 | E48: =COUNTIFS(السجل!$N$3:$N$904,"منتدب",السجل!$B$3:$B$904,"صف ضابط") -> 18 | G48: =SUM(D48:F48) -> 47
B49: 2 | C49: ملحق | D49: =COUNTIFS(السجل!$N$3:$N$904,"ملحق",السجل!$B$3:$B$904,"ضابط") -> 2 | E49: =COUNTIFS(السجل!$N$3:$N$904,"ملحق",السجل!$B$3:$B$904,"صف ضابط") -> 0 | G49: =SUM(D49:F49) -> 2
C50: الجملة | D50: =SUM(D48:D49) -> 31 | E50: =SUM(E48:F49) -> 18 | G50: =SUM(G48:G49) -> 49
B51: التوزيع حسب نوع الجنس
B52: م | C52: النوع | D52: الضباط | E52: ضباط الصف | F52: الموظفين | G52: الجملة
B53: 1 | C53: ذكر | D53: =COUNTIFS(السجل!$J$3:$J$899,"ذكر",السجل!$B$3:$B$899,"ضابط") -> 28 | E53: =COUNTIFS(السجل!$J$3:$J$899,"ذكر",السجل!$B$3:$B$899,"صف ضابط") -> 17 | F53: =COUNTIFS(السجل!$J$3:$J$899,"ذكر",السجل!$B$3:$B$899,"موظف") -> 75 | G53: =SUM(D53:F53) -> 120
B54: 2 | C54: انثي | D54: =COUNTIFS(السجل!$J$3:$J$899,"انثي",السجل!$B$3:$B$899,"ضابط") -> 3 | E54: =COUNTIFS(السجل!$J$3:$J$899,"انثي",السجل!$B$3:$B$899,"صف ضابط") -> 1 | F54: =COUNTIFS(السجل!$J$3:$J$899,"انثي",السجل!$B$3:$B$899,"موظف") -> 2 | G54: =SUM(D54:F54) -> 6
C55: الجملة | D55: =SUM(D53:D54) -> 31 | E55: =SUM(E53:E54) -> 18 | F55: =SUM(F53:F54) -> 77 | G55: =SUM(G53:G54) -> 126
B56: المتدربين والمجندين
B57: م | C57: النوع | D57: متدرب | E57: مجند | F57: الجملة
B58: 1 | C58: ذكر | D58: =COUNTIFS(السجل!$J$3:$J$899,"ذكر",السجل!$B$3:$B$899,"متدرب") -> 1 | E58: =COUNTIFS(السجل!$J$3:$J$899,"ذكر",السجل!$B$3:$B$899,"مجند") -> 0 | F58: =SUM(D58:E58) -> 1
B59: 2 | C59: انثي | D59: =COUNTIFS(السجل!$J$3:$J$899,"انثي",السجل!$B$3:$B$899,"متدرب") -> 2 | E59: =COUNTIFS(السجل!$J$3:$J$899,"انثي",السجل!$B$3:$B$899,"مجند") -> 0 | F59: =SUM(D59:E59) -> 2
C60: الجملة | D60: =SUM(D58:D59) -> 3 | E60: =SUM(E58:E59) -> 0 | F60: =SUM(F58:F59) -> 3

Sheet التوزيعات
B1: التوزيع حسب الإدارات
B3: م | C3: الادارة | D3: الضباط | E3: ضباط الصف | F3: الموظفين | G3: الجملة
B4: 1 | C4: الإدارة العليا | D4: =COUNTIFS(السجل!$E$3:$E$904,"الإدارة العليا",السجل!$B$3:$B$904,"ضابط") -> 1 | E4: =COUNTIFS(السجل!$E$3:$E$904,"الادارة العليا",السجل!$B$3:$B$904,"صف ضابط") -> 0 | F4: =COUNTIFS(السجل!$E$3:$E$904,"الادارة العليا",السجل!$B$3:$B$904,"موظف") -> 0 | G4: =SUM(D4:F4) -> 1
B5: 2 | C5: الإستشاريين | D5: =COUNTIFS(السجل!$E$3:$E$904,"الإستشاريين",السجل!$B$3:$B$904,"ضابط") -> 0 | E5: =COUNTIFS(السجل!$E$3:$E$904,"الإستشاريين",السجل!$B$3:$B$904,"صف ضابط") -> 0 | F5: =COUNTIFS(السجل!$E$3:$E$904,"الإستشاريين",السجل!$B$3:$B$904,"موظف") -> 1 | G5: =SUM(D5:F5) -> 1
B6: 3 | C6: ادارة تطوير الاعمال | D6: =COUNTIFS(السجل!$E$3:$E$904,"ادارة تطوير الاعمال",السجل!$B$3:$B$904,"ضابط") -> 4 | E6: =COUNTIFS(السجل!$E$3:$E$904,"ادارة تطوير الاعمال",السجل!$B$3:$B$904,"صف ضابط") -> 2 | F6: =COUNTIFS(السجل!$E$3:$E$904,"ادارة تطوير الاعمال",السجل!$B$3:$B$904,"موظف") -> 2 | G6: =SUM(D6:F6) -> 8
B7: 4 | C7: الادارة الفنية | D7: =COUNTIFS(السجل!$E$3:$E$904,"الادارة الفنية",السجل!$B$3:$B$904,"ضابط") -> 18 | E7: =COUNTIFS(السجل!$E$3:$E$904,"الادارة الفنية",السجل!$B$3:$B$904,"صف ضابط") -> 4 | F7: =COUNTIFS(السجل!$E$3:$E$904,"الادارة الفنية",السجل!$B$3:$B$904,"موظف") -> 54 | G7: =SUM(D7:F7) -> 76
B8: 5 | C8: ادارة المراجعة الداخلية | D8: =COUNTIFS(السجل!$E$3:$E$904,"ادارة المراجعة الداخلية",السجل!$B$3:$B$904,"ضابط") -> 1 | E8: =COUNTIFS(السجل!$E$3:$E$904,"ادارة المراجعة الداخلية",السجل!$B$3:$B$904,"صف ضابط") -> 1 | F8: =COUNTIFS(السجل!$E$3:$E$904,"ادارة المراجعة الداخلية",السجل!$B$3:$B$904,"موظف") -> 0 | G8: =SUM(D8:F8) -> 2
B9: 6 | C9: ادارة الشئون الادارية | D9: =COUNTIFS(السجل!$E$3:$E$904,"ادارة الشئون الادارية",السجل!$B$3:$B$904,"ضابط") -> 2 | E9: =COUNTIFS(السجل!$E$3:$E$904,"ادارة الشئون الادارية",السجل!$B$3:$B$904,"صف ضابط") -> 8 | F9: =COUNTIFS(السجل!$E$3:$E$904,"ادارة الشئون الادارية",السجل!$B$3:$B$904,"موظف") -> 17 | G9: =SUM(D9:F9) -> 27
B10: 7 | C10: ادارة الشئون المالية | D10: =COUNTIFS(السجل!$E$3:$E$904,"ادارة الشئون المالية",السجل!$B$3:$B$904,"ضابط") -> 2 | E10: =COUNTIFS(السجل!$E$3:$E$904,"ادارة الشئون المالية",السجل!$B$3:$B$904,"صف ضابط") -> 2 | F10: =COUNTIFS(السجل!$E$3:$E$904,"ادارة الشئون المالية",السجل!$B$3:$B$904,"موظف") -> 2 | G10: =SUM(D10:F10) -> 6
B11: 8 | C11: ادارة الشئون القانونية | D11: =COUNTIFS(السجل!$E$3:$E$904,"ادارة الشئون القانونية",السجل!$B$3:$B$904,"ضابط") -> 1 | E11: =COUNTIFS(السجل!$E$3:$E$904,"ادارة الشئون القانونية",السجل!$B$3:$B$904,"صف ضابط") -> 0 | F11: =COUNTIFS(السجل!$E$3:$E$904,"ادارة الشئون القانونية",السجل!$B$3:$B$904,"موظف") -> 0 | G11: =SUM(D11:F11) -> 1
B12: 9 | C12: المكتب التنفيذي | D12: =COUNTIFS(السجل!$E$3:$E$904,"المكتب التنفيذي",السجل!$B$3:$B$904,"ضابط") -> 2 | E12: =COUNTIFS(السجل!$E$3:$E$904,"المكتب التنفيذي",السجل!$B$3:$B$904,"صف ضابط") -> 1 | F12: =COUNTIFS(السجل!$E$3:$E$904,"المكتب التنفيذي",السجل!$B$3:$B$904,"موظف") -> 1 | G12: =SUM(D12:F12) -> 4
C13: الجملة | D13: =SUM(D4:D12) -> 31 | E13: =SUM(E4:E12) -> 18 | F13: =SUM(F4:F12) -> 77 | G13: =SUM(G4:G12) -> 126
B14: التوزيع حسب مكان التواجد
B15: م | C15: الولاية | D15: الضباط | E15: ضباط الصف | F15: الموظفين | G15: الجملة
B16: 1 | C16: ولاية البحر الأحمر | D16: =COUNTIFS(السجل!$M$3:$M$904,"ولاية البحر الأحمر",السجل!$B$3:$B$904,"ضابط") -> 4 | E16: =COUNTIFS(السجل!$M$3:$M$904,"ولاية البحر الأحمر",السجل!$B$3:$B$904,"صف ضابط") -> 2 | F16: =COUNTIFS(السجل!$M$3:$M$904,"ولاية البحر الأحمر",السجل!$B$3:$B$904,"موظف") -> 5 | G16: =SUM(D16:F16) -> 11
B17: 2 | C17: ولاية الخرطوم | D17: =COUNTIFS(السجل!$M$3:$M$904,"ولاية الخرطوم",السجل!$B$3:$B$904,"ضابط") -> 23 | E17: =COUNTIFS(السجل!$M$3:$M$904,"ولاية الخرطوم",السجل!$B$3:$B$904,"صف ضابط") -> 15 | F17: =COUNTIFS(السجل!$M$3:$M$904,"ولاية الخرطوم",السجل!$B$3:$B$904,"موظف") -> 61 | G17: =SUM(D17:F17) -> 99
B18: 3 | C18: ولاية كسلا | D18: =COUNTIFS(السجل!$M$3:$M$904,"ولاية كسلا",السجل!$B$3:$B$904,"ضابط") -> 0 | E18: =COUNTIFS(السجل!$M$3:$M$904,"ولاية كسلا",السجل!$B$3:$B$904,"صف ضابط") -> 1 | F18: =COUNTIFS(السجل!$M$3:$M$904,"ولاية كسلا",السجل!$B$3:$B$904,"موظف") -> 0 | G18: =SUM(D18:F18) -> 1
B19: 4 | C19: ولاية نهر النيل | D19: =COUNTIFS(السجل!$M$3:$M$904,"ولاية نهر النيل",السجل!$B$3:$B$904,"ضابط") -> 0 | E19: =COUNTIFS(السجل!$M$3:$M$904,"ولاية نهر النيل",السجل!$B$3:$B$904,"صف ضابط") -> 0 | F19: =COUNTIFS(السجل!$M$3:$M$904,"ولاية نهر النيل",السجل!$B$3:$B$904,"موظف") -> 3 | G19: =SUM(D19:F19) -> 3
B20: 5 | C20: الولاية الشمالية | D20: =COUNTIFS(السجل!$M$3:$M$904,"الولاية الشمالية",السجل!$B$3:$B$904,"ضابط") -> 1 | E20: =COUNTIFS(السجل!$M$3:$M$904,"الولاية الشمالية",السجل!$B$3:$B$904,"صف ضابط") -> 0 | F20: =COUNTIFS(السجل!$M$3:$M$904,"الولاية الشمالية",السجل!$B$3:$B$904,"موظف") -> 1 | G20: =SUM(D20:F20) -> 2
B21: 6 | C21: ولاية النيل الأبيض | D21: =COUNTIFS(السجل!$M$3:$M$904,"ولاية النيل الابيض",السجل!$B$3:$B$904,"ضابط") -> 1 | E21: =COUNTIFS(السجل!$M$3:$M$904,"ولاية النيل الابيض",السجل!$B$3:$B$904,"صف ضابط") -> 0 | F21: =COUNTIFS(السجل!$M$3:$M$904,"ولاية النيل الابيض",السجل!$B$3:$B$904,"موظف") -> 1 | G21: =SUM(D21:F21) -> 2
B22: 7 | C22: ولاية النيل الازرق | D22: =COUNTIFS(السجل!$M$3:$M$904,"ولاية النيل الازرق",السجل!$B$3:$B$904,"ضابط") -> 0 | E22: =COUNTIFS(السجل!$M$3:$M$904,"ولاية النيل الازرق",السجل!$B$3:$B$904,"صف ضابط") -> 0 | F22: =COUNTIFS(السجل!$M$3:$M$904,"ولاية النيل الازرق",السجل!$B$3:$B$904,"موظف") -> 1 | G22: =SUM(D22:F22) -> 1
B23: 8 | C23: ولاية الجزيرة | D23: =COUNTIFS(السجل!$M$3:$M$904,"ولاية الجزيرة",السجل!$B$3:$B$904,"ضابط") -> 1 | E23: =COUNTIFS(السجل!$M$3:$M$904,"ولاية الجزيرة",السجل!$B$3:$B$904,"صف ضابط") -> 0 | F23: =COUNTIFS(السجل!$M$3:$M$904,"ولاية الجزيرة",السجل!$B$3:$B$904,"موظف") -> 1 | G23: =SUM(D23:F23) -> 2
B24: 9 | C24: ولاية سنار | D24: =COUNTIFS(السجل!$M$3:$M$904,"ولاية سنار",السجل!$B$3:$B$904,"ضابط") -> 0 | E24: =COUNTIFS(السجل!$M$3:$M$904,"ولاية سنار",السجل!$B$3:$B$904,"صف ضابط") -> 0 | F24: =COUNTIFS(السجل!$M$3:$M$904,"ولاية سنار",السجل!$B$3:$B$904,"موظف") -> 1 | G24: =SUM(D24:F24) -> 1
B25: 10 | C25: خارج السودان | D25: =COUNTIFS(السجل!$M$3:$M$904,"خارج السودان",السجل!$B$3:$B$904,"ضابط") -> 1 | E25: =COUNTIFS(السجل!$M$3:$M$904,"خارج السودان",السجل!$B$3:$B$904,"صف ضابط") -> 0 | F25: =COUNTIFS(السجل!$M$3:$M$904,"خارج السودان",السجل!$B$3:$B$904,"موظف") -> 3 | G25: =SUM(D25:F25) -> 4
C26: الجملة | D26: =SUM(D16:D25) -> 31 | E26: =SUM(E16:E25) -> 18 | F26: =SUM(F16:F25) -> 77 | G26: =SUM(G16:G25) -> 126
B27: التوزيع حسب موقف العمل
B28: م | C28: الولاية | D28: الضباط | E28: ضباط الصف | F28: الموظفين | G28: الجملة
B29: 1 | C29: في العمل | D29: =COUNTIFS(السجل!$X$3:$X$904,"في العمل",السجل!$B$3:$B$904,"ضابط") -> 0 | E29: =COUNTIFS(السجل!$X$3:$X$904,"في العمل",السجل!$B$3:$B$904,"صف ضابط") -> 0 | F29: =COUNTIFS(السجل!$X$3:$X$904,"في العمل",السجل!$B$3:$B$904,"موظف") -> 0 | G29: =SUM(D29:F29) -> 0
B30: 2 | C30: خارج العمل | D30: =COUNTIFS(السجل!$X$3:$X$904,"خارج العمل",السجل!$B$3:$B$904,"ضابط") -> 0 | E30: =COUNTIFS(السجل!$X$3:$X$904,"خارج العمل",السجل!$B$3:$B$904,"صف ضابط") -> 0 | F30: =COUNTIFS(السجل!$X$3:$X$904,"خارج العمل",السجل!$B$3:$B$904,"موظف") -> 0 | G30: =SUM(D30:F30) -> 0
C31: الجملة | D31: =SUM(D29:D30) -> 0 | E31: =SUM(E29:E30) -> 0 | F31: =SUM(F29:F30) -> 0 | G31: =SUM(G29:G30) -> 0
B32: توزيع الموظفين حسب نوع عقد العمل
B33: م | C33: نوع الانتساب | D33: العدد | G33: الجملة
B34: 1 | C34: عقد عمل مسمي الاجل | D34: =COUNTIFS(السجل!$N$3:$N$904,"عقد عمل مسمى الاجل",السجل!$B$3:$B$904,"موظف") -> 4 | G34: =SUM(D34:F34) -> 4
B35: 2 | C35: عقد عمل خاص | D35: =COUNTIFS(السجل!$N$3:$N$904,"عقد عمل خاص",السجل!$B$3:$B$904,"موظف") -> 72 | G35: =SUM(D35:F35) -> 72
C36: الجملة | D36: =SUM(D34:D35) -> 76 | G36: =SUM(G34:G35) -> 76

Sheet متابعة الاجازات
A1: م+A1:F25 | B1: الاســـــــــــــــــــــــــــــــم | C1: تاريخ بداية الاجازة | D1: تاريخ نهاية الاجازة | E1: عدد أيام الاجازة | F1: رصيد الاجازة | G1: تنبيه | H1: ملحوظة
A2: 1 | B2: مدثر تاج السر عبدالدائم محمد | C2: 45311 | D2: 45341 | E2: =D2-C2 -> 30 | F2: =30-E2 -> 0 | G2: =IF(TODAY()>=D2,"انتهت الاجازة",IF(E2=0,"")) -> انتهت الاجازة
A3: 2 | B3: احمد عمر صديق | C3: 45340 | D3: 45371 | E3: =D3-C3 -> 31 | F3: =30-E3 -> -1 | G3: =IF(TODAY()>=D3,"انتهت الاجازة",IF(D3<="","","")) -> انتهت الاجازة
A4: 4 | B4: خالد محمد عثمان طه | C4: 45354 | D4: 45384 | E4: =D4-C4 -> 30 | F4: =30-E4 -> 0 | G4: =IF(TODAY()>=D4,"انتهت الاجازة",IF(D4<="","","")) -> انتهت الاجازة
A5: 5 | B5: يحي محمد محجوب عوض الله | C5: 45379 | D5: 45389 | E5: =D5-C5 -> 10 | F5: =30-E5 -> 20 | G5: =IF(TODAY()>=D5,"انتهت الاجازة",IF(D5<="","","")) -> انتهت الاجازة
A6: 6 | B6: محمد عثمان احمد محمد | C6: 45377 | D6: 45392 | E6: =D6-C6 -> 15 | F6: =30-E6 -> 15 | G6: =IF(TODAY()>=D6,"انتهت الاجازة",IF(D6<="","","")) -> انتهت الاجازة
A7: 7 | B7: عثمان عبدالرحمن عثمان عيسي | C7: 45396 | D7: 45403 | E7: =D7-C7 -> 7 | F7: =30-E7 -> 23 | G7: =IF(TODAY()>=D7,"انتهت الاجازة",IF(D7<="","","")) -> انتهت الاجازة
A8: 8 | B8: محمد عمر محمد مساعد | C8: 45400 | D8: 45415 | E8: =D8-C8 -> 15 | F8: =30-E8 -> 15 | G8: =IF(TODAY()>=D8,"انتهت الاجازة",IF(D8<="","","")) -> انتهت الاجازة
A9: 9 | B9: سامي عبدالقادر صالح حسن | C9: 45396 | D9: 45419 | E9: =D9-C9 -> 23 | F9: =30-E9 -> 7 | G9: =IF(TODAY()>=D9,"انتهت الاجازة",IF(D9<="","","")) -> انتهت الاجازة
A10: 10 | B10: يوسف عباس محجوب احمد | C10: 45396 | D10: 45406 | E10: =D10-C10 -> 10 | F10: =30-E10 -> 20 | G10: =IF(TODAY()>=D10,"انتهت الاجازة",IF(D10<="","","")) -> انتهت الاجازة
A11: 11 | B11: محمود محمد عثمان فضل | C11: 45410 | D11: 45432 | E11: =D11-C11 -> 22 | F11: =30-E11 -> 8 | G11: =IF(TODAY()>=D11,"انتهت الاجازة",IF(D11<="","","")) -> انتهت الاجازة
A12: 12 | B12: خالد محمد عثمان طه | C12: 45413 | D12: 45443 | E12: =D12-C12 -> 30 | F12: =30-E12 -> 0 | G12: =IF(TODAY()>=D12,"انتهت الاجازة",IF(D12<="","","")) -> انتهت الاجازة | H12: للعام 2025
A13: 13 | B13: نادر بشير علي محمد | C13: 45417 | D13: 45437 | E13: =D13-C13 -> 20 | F13: =30-E13 -> 10 | G13: =IF(TODAY()>=D13,"انتهت الاجازة",IF(D13<="","","")) -> انتهت الاجازة
A14: 14 | B14: احمد محمد موسي مدني | C14: 45417 | D14: 45436 | E14: =D14-C14 -> 19 | F14: =30-E14 -> 11 | G14: =IF(TODAY()>=D14,"انتهت الاجازة",IF(D14<="","","")) -> انتهت الاجازة
A15: 15 | B15: محمد عمر احمد محمد بله | C15: 45431 | D15: 45488 | E15: =D15-C15 -> 57 | F15: =40-E15 -> -17 | G15: =IF(TODAY()>=D15,"انتهت الاجازة",IF(D15<="","","")) -> انتهت الاجازة
A16: 16 | B16: شرف الدين عبدالفتاح خالد | C16: 45438 | D16: 45459 | E16: =D16-C16 -> 21 | F16: =30-E16 -> 9 | G16: =IF(TODAY()>=D16,"انتهت الاجازة",IF(D16<="","","")) -> انتهت الاجازة
A17: 17 | B17: طارق رحمة عبدالقادر محمد | C17: 45445 | D17: 45466 | E17: =D17-C17 -> 21 | F17: =30-E17 -> 9 | G17: =IF(TODAY()>=D17,"انتهت الاجازة",IF(D17<="","","")) -> انتهت الاجازة
A18: 18 | B18: سامح محمد عثمان محمد | C18: 45452 | D18: 45482 | E18: =D18-C18 -> 30 | F18: =30-E18 -> 0 | G18: =IF(TODAY()>=D18,"انتهت الاجازة",IF(D18<="","","")) -> انتهت الاجازة
A19: 19 | B19: مازن محمد امين خليل | C19: 45458 | D19: 45478 | E19: =D19-C19 -> 20 | F19: =30-E19 -> 10 | G19: =IF(TODAY()>=D19,"انتهت الاجازة",IF(D19<="","","")) -> انتهت الاجازة | H19: سبعة ايام عطلة تسترد لرصيد اجازاته
A20: 20 | B20: اسماعيل شاكر عمر قبسة | C20: 45458 | D20: 45468 | E20: =D20-C20 -> 10 | F20: =30-E20 -> 20 | G20: =IF(TODAY()>=D20,"انتهت الاجازة",IF(D20<="","","")) -> انتهت الاجازة
A21: 21 | B21: امين محمد عبدالله ابراهيم | C21: 45480 | D21: 45492 | E21: =D21-C21 -> 12 | F21: =30-E21 -> 18 | G21: =IF(TODAY()>=D21,"انتهت الاجازة",IF(D21<="","","")) -> انتهت الاجازة
A22: 22 | B22: سالم الله جابو ادريس كافي | C22: 45480 | D22: 45500 | E22: =D22-C22 -> 20 | F22: =30-E22 -> 10 | G22: =IF(TODAY()>=D22,"انتهت الاجازة",IF(D22<="","","")) -> انتهت الاجازة
A23: 23 | B23: يحي محمد محجوب عوض الله | C23: 45493 | D23: 45523 | E23: =D23-C23 -> 30 | F23: =30-E23 -> 0 | G23: =IF(TODAY()>=D23,"انتهت الاجازة",IF(D23<="","","")) -> انتهت الاجازة
A24: 24 | B24: انس عبدالرحمن علي الحسن | C24: 45529 | D24: 45539 | E24: =D24-C24 -> 10 | F24: =40-E24 -> 30 | G24: =IF(TODAY()>=D24,"انتهت الاجازة",IF(D24<="","","")) -> انتهت الاجازة
A25: 25 | B25: مدثر تاج السر عبدالدائم محمد | C25: 45509 | D25: 45539 | E25: =D25-C25 -> 30 | F25: =40-E25 -> 10 | G25: =IF(TODAY()>=D25,"انتهت الاجازة",IF(D25<="","","")) -> انتهت الاجازة
A26: 26 | B26: محمد عثمان احمد محمد | C26: 45508 | D26: 45527 | E26: =D26-C26 -> 19 | F26: =40-E26 -> 21 | G26: =IF(TODAY()>=D26,"انتهت الاجازة",IF(D26<="","","")) -> انتهت الاجازة
A27: 27 | B27: محمد احمد عمر محمد بله | C27: 45494 | D27: 45524 | E27: =D27-C27 -> 30 | F27: =40-E27 -> 10 | G27: =IF(TODAY()>=D27,"انتهت الاجازة",IF(D27<="","","")) -> انتهت الاجازة
A28: 28 | B28: داؤود حسين سليمان علي | C28: 45517 | D28: 45531 | E28: =D28-C28 -> 14 | F28: =40-E28 -> 26 | G28: =IF(TODAY()>=D28,"انتهت الاجازة",IF(D28<="","","")) -> انتهت الاجازة
A29: 29 | B29: خالد علي اسماعيل عثمان | C29: 45522 | D29: 45552 | E29: =D29-C29 -> 30 | F29: =40-E29 -> 10 | G29: =IF(TODAY()>=D29,"انتهت الاجازة",IF(D29<="","","")) -> انتهت الاجازة
A30: 30 | B30: الجعلي محمد احمد حسن | C30: 45529 | D30: 45542 | E30: =D30-C30 -> 13 | F30: =40-E30 -> 27 | G30: =IF(TODAY()>=D30,"انتهت الاجازة",IF(D30<="","","")) -> انتهت الاجازة
A31: 31 | B31: محمود محمد عثمان فضل | C31: 45529 | D31: 45534 | E31: =D31-C31 -> 5 | F31: =40-E31 -> 35 | G31: =IF(TODAY()>=D31,"انتهت الاجازة",IF(D31<="","","")) -> انتهت الاجازة
A32: 32 | B32: يحي محمد محجوب عوض الله | C32: 45523 | D32: 45535 | E32: =D32-C32 -> 12 | F32: =30-E32 -> 18 | G32: =IF(TODAY()>=D32,"انتهت الاجازة",IF(D32<="","","")) -> انتهت الاجازة
A33: 33 | B33: زياد حسب الرسول محمد ابو الريش | C33: 45529 | D33: 45544 | E33: =D33-C33 -> 15 | F33: =30-E33 -> 15 | G33: =IF(TODAY()>=D33,"انتهت الاجازة",IF(D33<="","","")) -> انتهت الاجازة
A34: 34 | B34: محمد عبدالرحمن احمد الماحي | C34: 45536 | D34: 45566 | E34: =D34-C34 -> 30 | F34: =30-E34 -> 0 | G34: =IF(TODAY()>=D34,"انتهت الاجازة",IF(D34<="","","")) -> انتهت الاجازة
A35: 35 | B35: محمد عثمان احمد محمد | C35: 45527 | D35: 45557 | E35: =D35-C35 -> 30 | F35: =30-E35 -> 0 | G35: =IF(TODAY()>=D35,"انتهت الاجازة",IF(D35<="","","")) -> انتهت الاجازة
A36: 36 | B36: داؤود حسين سليمان علي | C36: 45531 | D36: 45547 | E36: =D36-C36 -> 16 | F36: =30-E36 -> 14 | G36: =IF(TODAY()>=D36,"انتهت الاجازة",IF(D36<="","","")) -> انتهت الاجازة
A37: 37 | B37: يحي محمد محجوب عوض الله | C37: 45535 | D37: 45541 | E37: =D37-C37 -> 6 | F37: =30-E37 -> 24 | G37: =IF(TODAY()>=D37,"انتهت الاجازة",IF(D37<="","","")) -> انتهت الاجازة
A38: 38 | B38: امجد عبدالحليم احمد عبدالله | C38: 45539 | D38: 45554 | E38: =D38-C38 -> 15 | F38: =30-E38 -> 15 | G38: =IF(TODAY()>=D38,"انتهت الاجازة",IF(D38<="","","")) -> انتهت الاجازة
A39: 39 | B39: محمد احمد الخضر احمد | C39: 45553 | D39: 45563 | E39: =D39-C39 -> 10 | F39: =30-E39 -> 20 | G39: =IF(TODAY()>=D39,"انتهت الاجازة",IF(D39<="","","")) -> انتهت الاجازة
A40: 40 | B40: داؤود حسين سليمان علي | C40: 45548 | D40: 45577 | E40: =D40-C40 -> 29 | F40: =30-E40 -> 1 | G40: =IF(TODAY()>=D40,"انتهت الاجازة",IF(D40<="","","")) -> انتهت الاجازة
A41: 41 | B41: محمد عثمان احمد محمد | C41: 45558 | D41: 45609 | E41: =D41-C41 -> 51 | F41: =30-E41 -> -21 | G41: =IF(TODAY()>=D41,"انتهت الاجازة",IF(D41<="","","")) -> انتهت الاجازة
A42: 42 | B42: نادر بشير علي محمد | C42: 45620 | D42: 45645 | E42: =D42-C42 -> 25 | F42: =30-E42 -> 5 | G42: =IF(TODAY()>=D42,"انتهت الاجازة",IF(D42<="","","")) -> انتهت الاجازة
A43: 43 | B43: شيماء محمد نور عبدالماجد | C43: 45618 | D43: 45658 | E43: =D43-C43 -> 40 | F43: =30-E43 -> -10 | G43: =IF(TODAY()>=D43,"انتهت الاجازة",IF(D43<="","","")) -> انتهت الاجازة
... A63: 64 | B63: طارق رحمة عبدالقادر محمد | C63: 45638 | D63: 45668 | E63: =D63-C63 -> 30 | F63: =30-E63 -> 0 | G63: =IF(TODAY()>=D63,"انتهت الاجازة",IF(D63<="","","")) -> انتهت الاجازة
